神奈川県愛甲郡愛川町中津,1
神奈川県愛甲郡清川村煤ケ谷,1
神奈川県綾瀬市綾西１丁目,1
神奈川県綾瀬市綾西２丁目,1
神奈川県綾瀬市綾西３丁目,1
神奈川県綾瀬市綾西４丁目,1
神奈川県綾瀬市綾西５丁目,1
神奈川県綾瀬市吉岡,1
神奈川県綾瀬市吉岡東１丁目,1
神奈川県綾瀬市吉岡東２丁目,1
神奈川県綾瀬市吉岡東３丁目,1
神奈川県綾瀬市吉岡東４丁目,1
神奈川県綾瀬市吉岡東５丁目,1
神奈川県綾瀬市寺尾,1
神奈川県綾瀬市寺尾釜田１丁目,1
神奈川県綾瀬市寺尾釜田２丁目,1
神奈川県綾瀬市寺尾釜田３丁目,1
神奈川県綾瀬市寺尾西１丁目,1
神奈川県綾瀬市寺尾西２丁目,1
神奈川県綾瀬市寺尾西３丁目,1
神奈川県綾瀬市寺尾台１丁目,1
神奈川県綾瀬市寺尾台２丁目,1
神奈川県綾瀬市寺尾台３丁目,1
神奈川県綾瀬市寺尾台４丁目,1
神奈川県綾瀬市寺尾中１丁目,1
神奈川県綾瀬市寺尾中２丁目,1
神奈川県綾瀬市寺尾中３丁目,1
神奈川県綾瀬市寺尾中４丁目,1
神奈川県綾瀬市寺尾南１丁目,1
神奈川県綾瀬市寺尾南２丁目,1
神奈川県綾瀬市寺尾南３丁目,1
神奈川県綾瀬市寺尾北１丁目,1
神奈川県綾瀬市寺尾北２丁目,1
神奈川県綾瀬市寺尾北３丁目,1
神奈川県綾瀬市寺尾北４丁目,1
神奈川県綾瀬市寺尾本町１丁目,1
神奈川県綾瀬市寺尾本町２丁目,1
神奈川県綾瀬市寺尾本町３丁目,1
神奈川県綾瀬市小園,1
神奈川県綾瀬市小園南１丁目,1
神奈川県綾瀬市小園南２丁目,1
神奈川県綾瀬市上土棚,1
神奈川県綾瀬市上土棚中１丁目,1
神奈川県綾瀬市上土棚中２丁目,1
神奈川県綾瀬市上土棚中３丁目,1
神奈川県綾瀬市上土棚中４丁目,1
神奈川県綾瀬市上土棚中５丁目,1
神奈川県綾瀬市上土棚中６丁目,1
神奈川県綾瀬市上土棚中７丁目,1
神奈川県綾瀬市上土棚南１丁目,1
神奈川県綾瀬市上土棚南２丁目,1
神奈川県綾瀬市上土棚南３丁目,1
神奈川県綾瀬市上土棚南４丁目,1
神奈川県綾瀬市上土棚南５丁目,1
神奈川県綾瀬市上土棚南６丁目,1
神奈川県綾瀬市上土棚北１丁目,1
神奈川県綾瀬市上土棚北２丁目,1
神奈川県綾瀬市上土棚北３丁目,1
神奈川県綾瀬市上土棚北４丁目,1
神奈川県綾瀬市上土棚北５丁目,1
神奈川県綾瀬市深谷,1
神奈川県綾瀬市深谷上３丁目,1
神奈川県綾瀬市深谷上４丁目,1
神奈川県綾瀬市深谷上５丁目,1
神奈川県綾瀬市深谷上６丁目,1
神奈川県綾瀬市深谷上７丁目,1
神奈川県綾瀬市深谷上８丁目,1
神奈川県綾瀬市深谷中３丁目,1
神奈川県綾瀬市深谷中４丁目,1
神奈川県綾瀬市深谷中５丁目,1
神奈川県綾瀬市深谷中６丁目,1
神奈川県綾瀬市深谷中７丁目,1
神奈川県綾瀬市深谷中８丁目,1
神奈川県綾瀬市深谷中９丁目,1
神奈川県綾瀬市深谷南１丁目,1
神奈川県綾瀬市深谷南２丁目,1
神奈川県綾瀬市深谷南３丁目,1
神奈川県綾瀬市深谷南４丁目,1
神奈川県綾瀬市深谷南５丁目,1
神奈川県綾瀬市深谷南６丁目,1
神奈川県綾瀬市深谷南７丁目,1
神奈川県綾瀬市早川,1
神奈川県綾瀬市早川城山１丁目,1
神奈川県綾瀬市早川城山２丁目,1
神奈川県綾瀬市早川城山３丁目,1
神奈川県綾瀬市早川城山４丁目,1
神奈川県綾瀬市早川城山５丁目,1
神奈川県綾瀬市大上１丁目,1
神奈川県綾瀬市大上２丁目,1
神奈川県綾瀬市大上３丁目,1
神奈川県綾瀬市大上４丁目,1
神奈川県綾瀬市大上５丁目,1
神奈川県綾瀬市大上６丁目,1
神奈川県綾瀬市大上７丁目,1
神奈川県綾瀬市大上８丁目,1
神奈川県綾瀬市大上９丁目,1
神奈川県綾瀬市本蓼川,1
神奈川県綾瀬市落合南１丁目,1
神奈川県綾瀬市落合南２丁目,1
神奈川県綾瀬市落合南３丁目,1
神奈川県綾瀬市落合南４丁目,1
神奈川県綾瀬市落合南５丁目,1
神奈川県綾瀬市落合南６丁目,1
神奈川県綾瀬市落合南７丁目,1
神奈川県綾瀬市落合南８丁目,1
神奈川県綾瀬市落合南９丁目,1
神奈川県綾瀬市落合北１丁目,1
神奈川県綾瀬市落合北２丁目,1
神奈川県綾瀬市落合北３丁目,1
神奈川県綾瀬市落合北４丁目,1
神奈川県綾瀬市落合北５丁目,1
神奈川県綾瀬市落合北６丁目,1
神奈川県綾瀬市落合北７丁目,1
神奈川県綾瀬市蓼川,1
神奈川県綾瀬市蓼川１丁目,1
神奈川県綾瀬市蓼川２丁目,1
神奈川県綾瀬市蓼川３丁目,1
神奈川県伊勢原市伊勢原３丁目,1
神奈川県伊勢原市岡崎,1
神奈川県伊勢原市下糟屋,1
神奈川県伊勢原市下谷,1
神奈川県伊勢原市下平間,1
神奈川県伊勢原市下落合,1
神奈川県伊勢原市歌川１丁目,1
神奈川県伊勢原市歌川２丁目,1
神奈川県伊勢原市歌川３丁目,1
神奈川県伊勢原市見附島,1
神奈川県伊勢原市高森,1
神奈川県伊勢原市高森２丁目,1
神奈川県伊勢原市桜台２丁目,1
神奈川県伊勢原市小稲葉,1
神奈川県伊勢原市沼目,1
神奈川県伊勢原市沼目１丁目,1
神奈川県伊勢原市沼目３丁目,1
神奈川県伊勢原市沼目４丁目,1
神奈川県伊勢原市沼目６丁目,1
神奈川県伊勢原市沼目７丁目,1
神奈川県伊勢原市上谷,1
神奈川県伊勢原市上平間,1
神奈川県伊勢原市石田,1
神奈川県伊勢原市池端,1
神奈川県伊勢原市東成瀬,1
神奈川県横須賀市浦郷町１丁目,1
神奈川県横須賀市浦郷町２丁目,1
神奈川県横須賀市浦郷町３丁目,1
神奈川県横須賀市浦郷町４丁目,1
神奈川県横須賀市浦郷町５丁目,1
神奈川県横須賀市夏島町,1
神奈川県横須賀市鴨居２丁目,1
神奈川県横須賀市久里浜２丁目,1
神奈川県横須賀市港が丘１丁目,1
神奈川県横須賀市港が丘２丁目,1
神奈川県横須賀市汐見台２丁目,1
神奈川県横須賀市湘南鷹取１丁目,1
神奈川県横須賀市湘南鷹取２丁目,1
神奈川県横須賀市湘南鷹取３丁目,1
神奈川県横須賀市湘南鷹取４丁目,1
神奈川県横須賀市湘南鷹取５丁目,1
神奈川県横須賀市湘南鷹取６丁目,1
神奈川県横須賀市船越町１丁目,1
神奈川県横須賀市船越町２丁目,1
神奈川県横須賀市船越町６丁目,1
神奈川県横須賀市船越町７丁目,1
神奈川県横須賀市船越町８丁目,1
神奈川県横須賀市鷹取１丁目,1
神奈川県横須賀市鷹取２丁目,1
神奈川県横須賀市鷹取町１丁目,1
神奈川県横須賀市鷹取町２丁目,1
神奈川県横須賀市長井３丁目,1
神奈川県横須賀市追浜町１丁目,1
神奈川県横須賀市追浜町２丁目,1
神奈川県横須賀市追浜町３丁目,1
神奈川県横須賀市追浜東町１丁目,1
神奈川県横須賀市追浜東町２丁目,1
神奈川県横須賀市追浜東町３丁目,1
神奈川県横須賀市追浜南町１丁目,1
神奈川県横須賀市追浜南町２丁目,1
神奈川県横須賀市追浜南町３丁目,1
神奈川県横須賀市追浜本町１丁目,1
神奈川県横須賀市追浜本町２丁目,1
神奈川県横須賀市田浦港町,1
神奈川県横須賀市田浦町４丁目,1
神奈川県横須賀市田浦町５丁目,1
神奈川県横須賀市田浦町６丁目,1
神奈川県横須賀市浜見台１丁目,1
神奈川県横須賀市浜見台２丁目,1
神奈川県横須賀市本町２丁目,1
神奈川県横浜市磯子区丸山２丁目,1
神奈川県横浜市磯子区上中里町,1
神奈川県横浜市磯子区杉田２丁目,1
神奈川県横浜市磯子区杉田７丁目,1
神奈川県横浜市磯子区杉田８丁目,1
神奈川県横浜市磯子区杉田９丁目,1
神奈川県横浜市磯子区氷取沢町,1
神奈川県横浜市栄区亀井町,1
神奈川県横浜市栄区桂台西１丁目,1
神奈川県横浜市栄区桂台西２丁目,1
神奈川県横浜市栄区桂台中,1
神奈川県横浜市栄区桂台東,1
神奈川県横浜市栄区桂台南１丁目,1
神奈川県横浜市栄区桂台南２丁目,1
神奈川県横浜市栄区桂台北,1
神奈川県横浜市栄区桂町,1
神奈川県横浜市栄区犬山町,1
神奈川県横浜市栄区元大橋１丁目,1
神奈川県横浜市栄区元大橋２丁目,1
神奈川県横浜市栄区公田町,1
神奈川県横浜市栄区若竹町,1
神奈川県横浜市栄区小山台１丁目,1
神奈川県横浜市栄区小山台２丁目,1
神奈川県横浜市栄区小菅ケ谷１丁目,1
神奈川県横浜市栄区小菅ケ谷２丁目,1
神奈川県横浜市栄区小菅ケ谷３丁目,1
神奈川県横浜市栄区小菅ケ谷４丁目,1
神奈川県横浜市栄区小菅ケ谷町,1
神奈川県横浜市栄区庄戸１丁目,1
神奈川県横浜市栄区庄戸２丁目,1
神奈川県横浜市栄区庄戸３丁目,1
神奈川県横浜市栄区庄戸４丁目,1
神奈川県横浜市栄区庄戸５丁目,1
神奈川県横浜市栄区上郷町,1
神奈川県横浜市栄区上之町,1
神奈川県横浜市栄区鍛冶ケ谷１丁目,1
神奈川県横浜市栄区鍛冶ケ谷２丁目,1
神奈川県横浜市栄区鍛冶ケ谷町,1
神奈川県横浜市栄区中野町,1
神奈川県横浜市栄区長倉町,1
神奈川県横浜市栄区東上郷町,1
神奈川県横浜市栄区柏陽,1
神奈川県横浜市栄区飯島町,1
神奈川県横浜市栄区尾月,1
神奈川県横浜市栄区本郷台１丁目,1
神奈川県横浜市栄区野七里１丁目,1
神奈川県横浜市栄区野七里２丁目,1
神奈川県横浜市金沢区みず木町,1
神奈川県横浜市金沢区乙舳町,1
神奈川県横浜市金沢区海の公園,1
神奈川県横浜市金沢区釜利谷西１丁目,1
神奈川県横浜市金沢区釜利谷西２丁目,1
神奈川県横浜市金沢区釜利谷西３丁目,1
神奈川県横浜市金沢区釜利谷西４丁目,1
神奈川県横浜市金沢区釜利谷西５丁目,1
神奈川県横浜市金沢区釜利谷西６丁目,1
神奈川県横浜市金沢区釜利谷町,1
神奈川県横浜市金沢区釜利谷東１丁目,1
神奈川県横浜市金沢区釜利谷東２丁目,1
神奈川県横浜市金沢区釜利谷東３丁目,1
神奈川県横浜市金沢区釜利谷東４丁目,1
神奈川県横浜市金沢区釜利谷東５丁目,1
神奈川県横浜市金沢区釜利谷東６丁目,1
神奈川県横浜市金沢区釜利谷東７丁目,1
神奈川県横浜市金沢区釜利谷東８丁目,1
神奈川県横浜市金沢区釜利谷南１丁目,1
神奈川県横浜市金沢区釜利谷南２丁目,1
神奈川県横浜市金沢区釜利谷南３丁目,1
神奈川県横浜市金沢区釜利谷南４丁目,1
神奈川県横浜市金沢区金沢町,1
神奈川県横浜市金沢区高舟台１丁目,1
神奈川県横浜市金沢区高舟台２丁目,1
神奈川県横浜市金沢区寺前１丁目,1
神奈川県横浜市金沢区寺前２丁目,1
神奈川県横浜市金沢区柴町,1
神奈川県横浜市金沢区洲崎町,1
神奈川県横浜市金沢区瀬戸,1
神奈川県横浜市金沢区西柴１丁目,1
神奈川県横浜市金沢区西柴２丁目,1
神奈川県横浜市金沢区西柴３丁目,1
神奈川県横浜市金沢区西柴４丁目,1
神奈川県横浜市金沢区大川,1
神奈川県横浜市金沢区大道１丁目,1
神奈川県横浜市金沢区大道２丁目,1
神奈川県横浜市金沢区谷津町,1
神奈川県横浜市金沢区朝比奈町,1
神奈川県横浜市金沢区町屋町,1
神奈川県横浜市金沢区泥亀１丁目,1
神奈川県横浜市金沢区泥亀２丁目,1
神奈川県横浜市金沢区東朝比奈１丁目,1
神奈川県横浜市金沢区東朝比奈２丁目,1
神奈川県横浜市金沢区東朝比奈３丁目,1
神奈川県横浜市金沢区能見台１丁目,1
神奈川県横浜市金沢区能見台２丁目,1
神奈川県横浜市金沢区能見台３丁目,1
神奈川県横浜市金沢区能見台４丁目,1
神奈川県横浜市金沢区能見台５丁目,1
神奈川県横浜市金沢区能見台６丁目,1
神奈川県横浜市金沢区能見台森,1
神奈川県横浜市金沢区能見台通,1
神奈川県横浜市金沢区能見台東,1
神奈川県横浜市金沢区富岡西４丁目,1
神奈川県横浜市金沢区富岡西５丁目,1
神奈川県横浜市金沢区富岡西６丁目,1
神奈川県横浜市金沢区福浦１丁目,1
神奈川県横浜市金沢区平潟町,1
神奈川県横浜市金沢区並木１丁目,1
神奈川県横浜市金沢区片吹,1
神奈川県横浜市金沢区堀口,1
神奈川県横浜市金沢区野島町,1
神奈川県横浜市金沢区柳町,1
神奈川県横浜市金沢区六浦１丁目,1
神奈川県横浜市金沢区六浦２丁目,1
神奈川県横浜市金沢区六浦３丁目,1
神奈川県横浜市金沢区六浦４丁目,1
神奈川県横浜市金沢区六浦５丁目,1
神奈川県横浜市金沢区六浦町,1
神奈川県横浜市金沢区六浦東１丁目,1
神奈川県横浜市金沢区六浦東２丁目,1
神奈川県横浜市金沢区六浦東３丁目,1
神奈川県横浜市金沢区六浦南１丁目,1
神奈川県横浜市金沢区六浦南２丁目,1
神奈川県横浜市金沢区六浦南３丁目,1
神奈川県横浜市金沢区六浦南４丁目,1
神奈川県横浜市金沢区六浦南５丁目,1
神奈川県横浜市戸塚区影取町,1
神奈川県横浜市戸塚区汲沢１丁目,1
神奈川県横浜市戸塚区汲沢３丁目,1
神奈川県横浜市戸塚区汲沢４丁目,1
神奈川県横浜市戸塚区汲沢５丁目,1
神奈川県横浜市戸塚区汲沢６丁目,1
神奈川県横浜市戸塚区汲沢７丁目,1
神奈川県横浜市戸塚区汲沢８丁目,1
神奈川県横浜市戸塚区汲沢町,1
神奈川県横浜市戸塚区原宿１丁目,1
神奈川県横浜市戸塚区原宿２丁目,1
神奈川県横浜市戸塚区原宿３丁目,1
神奈川県横浜市戸塚区原宿４丁目,1
神奈川県横浜市戸塚区原宿５丁目,1
神奈川県横浜市戸塚区原宿町,1
神奈川県横浜市戸塚区戸塚町,1
神奈川県横浜市戸塚区小雀町,1
神奈川県横浜市戸塚区深谷町,1
神奈川県横浜市戸塚区東俣野町,1
神奈川県横浜市戸塚区平戸１丁目,1
神奈川県横浜市戸塚区平戸４丁目,1
神奈川県横浜市戸塚区平戸５丁目,1
神奈川県横浜市戸塚区俣野町,1
神奈川県横浜市港南区港南台９丁目,1
神奈川県横浜市港南区上永谷町,1
神奈川県横浜市港南区日限山３丁目,1
神奈川県横浜市港南区日限山４丁目,1
神奈川県横浜市港南区日野南５丁目,1
神奈川県横浜市港南区日野南６丁目,1
神奈川県横浜市港南区日野南７丁目,1
神奈川県横浜市港南区野庭町,1
神奈川県横浜市泉区岡津町,1
神奈川県横浜市泉区下飯田町,1
神奈川県横浜市泉区上飯田町,1
神奈川県横浜市泉区新橋町,1
神奈川県横浜市泉区西が岡１丁目,1
神奈川県横浜市泉区西が岡３丁目,1
神奈川県横浜市泉区中田西１丁目,1
神奈川県横浜市泉区中田西２丁目,1
神奈川県横浜市泉区中田西３丁目,1
神奈川県横浜市泉区中田西４丁目,1
神奈川県横浜市泉区中田町,1
神奈川県横浜市泉区中田東１丁目,1
神奈川県横浜市泉区中田東２丁目,1
神奈川県横浜市泉区中田東３丁目,1
神奈川県横浜市泉区中田東４丁目,1
神奈川県横浜市泉区中田南１丁目,1
神奈川県横浜市泉区中田南２丁目,1
神奈川県横浜市泉区中田南３丁目,1
神奈川県横浜市泉区中田南４丁目,1
神奈川県横浜市泉区中田南５丁目,1
神奈川県横浜市泉区中田北１丁目,1
神奈川県横浜市泉区中田北２丁目,1
神奈川県横浜市泉区中田北３丁目,1
神奈川県横浜市泉区白百合１丁目,1
神奈川県横浜市泉区白百合２丁目,1
神奈川県横浜市泉区白百合３丁目,1
神奈川県横浜市泉区弥生台,1
神奈川県横浜市泉区和泉町,1
神奈川県海老名市河原口,1
神奈川県海老名市国分,1
神奈川県海老名市国分寺台１丁目,1
神奈川県海老名市国分寺台２丁目,1
神奈川県海老名市国分寺台３丁目,1
神奈川県海老名市国分寺台４丁目,1
神奈川県海老名市国分寺台５丁目,1
神奈川県海老名市国分南１丁目,1
神奈川県海老名市国分南２丁目,1
神奈川県海老名市国分南３丁目,1
神奈川県海老名市国分南４丁目,1
神奈川県海老名市国分北１丁目,1
神奈川県海老名市国分北２丁目,1
神奈川県海老名市国分北３丁目,1
神奈川県海老名市国分北４丁目,1
神奈川県海老名市今里,1
神奈川県海老名市今里１丁目,1
神奈川県海老名市今里２丁目,1
神奈川県海老名市今里３丁目,1
神奈川県海老名市社家,1
神奈川県海老名市勝瀬,1
神奈川県海老名市上河内,1
神奈川県海老名市上郷,1
神奈川県海老名市上郷１丁目,1
神奈川県海老名市上今泉,1
神奈川県海老名市上今泉１丁目,1
神奈川県海老名市上今泉２丁目,1
神奈川県海老名市上今泉３丁目,1
神奈川県海老名市上今泉４丁目,1
神奈川県海老名市上今泉５丁目,1
神奈川県海老名市上今泉６丁目,1
神奈川県海老名市杉久保,1
神奈川県海老名市杉久保南１丁目,1
神奈川県海老名市杉久保南２丁目,1
神奈川県海老名市杉久保南３丁目,1
神奈川県海老名市杉久保南４丁目,1
神奈川県海老名市杉久保南５丁目,1
神奈川県海老名市杉久保北１丁目,1
神奈川県海老名市杉久保北２丁目,1
神奈川県海老名市杉久保北３丁目,1
神奈川県海老名市杉久保北４丁目,1
神奈川県海老名市杉久保北５丁目,1
神奈川県海老名市大谷,1
神奈川県海老名市大谷南１丁目,1
神奈川県海老名市大谷南２丁目,1
神奈川県海老名市大谷南３丁目,1
神奈川県海老名市大谷南４丁目,1
神奈川県海老名市大谷南５丁目,1
神奈川県海老名市大谷北１丁目,1
神奈川県海老名市大谷北２丁目,1
神奈川県海老名市大谷北３丁目,1
神奈川県海老名市大谷北４丁目,1
神奈川県海老名市中央１丁目,1
神奈川県海老名市中央２丁目,1
神奈川県海老名市中央３丁目,1
神奈川県海老名市中河内,1
神奈川県海老名市中新田,1
神奈川県海老名市中新田１丁目,1
神奈川県海老名市中新田２丁目,1
神奈川県海老名市中新田３丁目,1
神奈川県海老名市中新田４丁目,1
神奈川県海老名市中新田５丁目,1
神奈川県海老名市中野,1
神奈川県海老名市東柏ケ谷１丁目,1
神奈川県海老名市東柏ケ谷２丁目,1
神奈川県海老名市東柏ケ谷３丁目,1
神奈川県海老名市東柏ケ谷４丁目,1
神奈川県海老名市東柏ケ谷５丁目,1
神奈川県海老名市東柏ケ谷６丁目,1
神奈川県海老名市柏ケ谷,1
神奈川県海老名市浜田町,1
神奈川県海老名市望地,1
神奈川県海老名市望地１丁目,1
神奈川県海老名市望地２丁目,1
神奈川県海老名市本郷,1
神奈川県海老名市門沢橋,1
神奈川県海老名市門沢橋１丁目,1
神奈川県海老名市門沢橋２丁目,1
神奈川県海老名市門沢橋３丁目,1
神奈川県海老名市門沢橋４丁目,1
神奈川県海老名市門沢橋５丁目,1
神奈川県海老名市門沢橋６丁目,1
神奈川県鎌倉市稲村ガ崎１丁目,1
神奈川県鎌倉市稲村ガ崎２丁目,1
神奈川県鎌倉市稲村ガ崎３丁目,1
神奈川県鎌倉市稲村ガ崎４丁目,1
神奈川県鎌倉市稲村ガ崎５丁目,1
神奈川県鎌倉市梶原,1
神奈川県鎌倉市梶原１丁目,1
神奈川県鎌倉市梶原２丁目,1
神奈川県鎌倉市梶原３丁目,1
神奈川県鎌倉市梶原４丁目,1
神奈川県鎌倉市梶原５丁目,1
神奈川県鎌倉市鎌倉山１丁目,1
神奈川県鎌倉市鎌倉山２丁目,1
神奈川県鎌倉市鎌倉山３丁目,1
神奈川県鎌倉市鎌倉山４丁目,1
神奈川県鎌倉市関谷,1
神奈川県鎌倉市極楽寺１丁目,1
神奈川県鎌倉市極楽寺２丁目,1
神奈川県鎌倉市極楽寺３丁目,1
神奈川県鎌倉市極楽寺４丁目,1
神奈川県鎌倉市御成町,1
神奈川県鎌倉市腰越,1
神奈川県鎌倉市腰越１丁目,1
神奈川県鎌倉市腰越２丁目,1
神奈川県鎌倉市腰越３丁目,1
神奈川県鎌倉市腰越４丁目,1
神奈川県鎌倉市腰越５丁目,1
神奈川県鎌倉市佐助１丁目,1
神奈川県鎌倉市佐助２丁目,1
神奈川県鎌倉市材木座１丁目,1
神奈川県鎌倉市材木座２丁目,1
神奈川県鎌倉市材木座３丁目,1
神奈川県鎌倉市材木座４丁目,1
神奈川県鎌倉市材木座５丁目,1
神奈川県鎌倉市材木座６丁目,1
神奈川県鎌倉市坂ノ下,1
神奈川県鎌倉市笹目町,1
神奈川県鎌倉市山ノ内,1
神奈川県鎌倉市山崎,1
神奈川県鎌倉市寺分,1
神奈川県鎌倉市寺分１丁目,1
神奈川県鎌倉市寺分２丁目,1
神奈川県鎌倉市寺分３丁目,1
神奈川県鎌倉市七里ガ浜１丁目,1
神奈川県鎌倉市七里ガ浜２丁目,1
神奈川県鎌倉市七里ガ浜東１丁目,1
神奈川県鎌倉市七里ガ浜東２丁目,1
神奈川県鎌倉市七里ガ浜東３丁目,1
神奈川県鎌倉市七里ガ浜東４丁目,1
神奈川県鎌倉市七里ガ浜東５丁目,1
神奈川県鎌倉市手広,1
神奈川県鎌倉市手広１丁目,1
神奈川県鎌倉市手広２丁目,1
神奈川県鎌倉市手広３丁目,1
神奈川県鎌倉市手広４丁目,1
神奈川県鎌倉市手広５丁目,1
神奈川県鎌倉市手広６丁目,1
神奈川県鎌倉市十二所,1
神奈川県鎌倉市小町１丁目,1
神奈川県鎌倉市小町２丁目,1
神奈川県鎌倉市小町３丁目,1
神奈川県鎌倉市上町屋,1
神奈川県鎌倉市常盤,1
神奈川県鎌倉市浄明寺１丁目,1
神奈川県鎌倉市浄明寺２丁目,1
神奈川県鎌倉市浄明寺３丁目,1
神奈川県鎌倉市浄明寺４丁目,1
神奈川県鎌倉市浄明寺５丁目,1
神奈川県鎌倉市浄明寺６丁目,1
神奈川県鎌倉市植木,1
神奈川県鎌倉市西鎌倉１丁目,1
神奈川県鎌倉市西鎌倉２丁目,1
神奈川県鎌倉市西鎌倉３丁目,1
神奈川県鎌倉市西鎌倉４丁目,1
神奈川県鎌倉市西御門１丁目,1
神奈川県鎌倉市西御門２丁目,1
神奈川県鎌倉市雪ノ下,1
神奈川県鎌倉市雪ノ下１丁目,1
神奈川県鎌倉市雪ノ下２丁目,1
神奈川県鎌倉市雪ノ下３丁目,1
神奈川県鎌倉市雪ノ下４丁目,1
神奈川県鎌倉市雪ノ下５丁目,1
神奈川県鎌倉市扇ガ谷１丁目,1
神奈川県鎌倉市扇ガ谷２丁目,1
神奈川県鎌倉市扇ガ谷３丁目,1
神奈川県鎌倉市扇ガ谷４丁目,1
神奈川県鎌倉市台,1
神奈川県鎌倉市台１丁目,1
神奈川県鎌倉市台２丁目,1
神奈川県鎌倉市台４丁目,1
神奈川県鎌倉市台５丁目,1
神奈川県鎌倉市大町１丁目,1
神奈川県鎌倉市大町２丁目,1
神奈川県鎌倉市大町３丁目,1
神奈川県鎌倉市大町４丁目,1
神奈川県鎌倉市大町５丁目,1
神奈川県鎌倉市大町６丁目,1
神奈川県鎌倉市大町７丁目,1
神奈川県鎌倉市長谷１丁目,1
神奈川県鎌倉市長谷２丁目,1
神奈川県鎌倉市長谷３丁目,1
神奈川県鎌倉市長谷４丁目,1
神奈川県鎌倉市長谷５丁目,1
神奈川県鎌倉市津,1
神奈川県鎌倉市津西１丁目,1
神奈川県鎌倉市津西２丁目,1
神奈川県鎌倉市笛田,1
神奈川県鎌倉市笛田１丁目,1
神奈川県鎌倉市笛田２丁目,1
神奈川県鎌倉市笛田３丁目,1
神奈川県鎌倉市笛田４丁目,1
神奈川県鎌倉市笛田５丁目,1
神奈川県鎌倉市笛田６丁目,1
神奈川県鎌倉市二階堂,1
神奈川県鎌倉市由比ガ浜１丁目,1
神奈川県鎌倉市由比ガ浜２丁目,1
神奈川県鎌倉市由比ガ浜３丁目,1
神奈川県鎌倉市由比ガ浜４丁目,1
神奈川県茅ヶ崎市ひばりが丘,1
神奈川県茅ヶ崎市みずき２丁目,1
神奈川県茅ヶ崎市みずき３丁目,1
神奈川県茅ヶ崎市旭が丘,1
神奈川県茅ヶ崎市円蔵,1
神奈川県茅ヶ崎市下寺尾,1
神奈川県茅ヶ崎市茅ケ崎,1
神奈川県茅ヶ崎市茅ケ崎２丁目,1
神奈川県茅ヶ崎市甘沼,1
神奈川県茅ヶ崎市芹沢,1
神奈川県茅ヶ崎市行谷,1
神奈川県茅ヶ崎市香川１丁目,1
神奈川県茅ヶ崎市香川２丁目,1
神奈川県茅ヶ崎市香川６丁目,1
神奈川県茅ケ崎市高田,1
神奈川県茅ヶ崎市高田１丁目,1
神奈川県茅ヶ崎市高田２丁目,1
神奈川県茅ヶ崎市高田３丁目,1
神奈川県茅ヶ崎市高田４丁目,1
神奈川県茅ヶ崎市高田５丁目,1
神奈川県茅ヶ崎市今宿,1
神奈川県茅ヶ崎市汐見台,1
神奈川県茅ケ崎市室田,1
神奈川県茅ヶ崎市室田１丁目,1
神奈川県茅ヶ崎市室田２丁目,1
神奈川県茅ヶ崎市室田３丁目,1
神奈川県茅ヶ崎市若松町,1
神奈川県茅ヶ崎市出口町,1
神奈川県茅ヶ崎市小桜町,1
神奈川県茅ケ崎市小和田,1
神奈川県茅ヶ崎市小和田１丁目,1
神奈川県茅ヶ崎市小和田２丁目,1
神奈川県茅ヶ崎市小和田３丁目,1
神奈川県茅ヶ崎市松が丘１丁目,1
神奈川県茅ヶ崎市松が丘２丁目,1
神奈川県茅ヶ崎市松風台,1
神奈川県茅ヶ崎市松林１丁目,1
神奈川県茅ヶ崎市松林２丁目,1
神奈川県茅ヶ崎市松林３丁目,1
神奈川県茅ヶ崎市松浪１丁目,1
神奈川県茅ヶ崎市松浪２丁目,1
神奈川県茅ヶ崎市常盤町,1
神奈川県茅ヶ崎市赤羽根,1
神奈川県茅ヶ崎市赤松町,1
神奈川県茅ヶ崎市代官町,1
神奈川県茅ヶ崎市中島,1
神奈川県茅ヶ崎市鶴が台,1
神奈川県茅ヶ崎市堤,1
神奈川県茅ヶ崎市東海岸南１丁目,1
神奈川県茅ヶ崎市東海岸南２丁目,1
神奈川県茅ヶ崎市東海岸北４丁目,1
神奈川県茅ヶ崎市東海岸北５丁目,1
神奈川県茅ヶ崎市南湖５丁目,1
神奈川県茅ヶ崎市白浜町,1
神奈川県茅ヶ崎市美住町,1
神奈川県茅ケ崎市菱沼,1
神奈川県茅ヶ崎市菱沼１丁目,1
神奈川県茅ヶ崎市菱沼２丁目,1
神奈川県茅ヶ崎市菱沼３丁目,1
神奈川県茅ヶ崎市菱沼海岸,1
神奈川県茅ヶ崎市浜須賀,1
神奈川県茅ヶ崎市浜竹１丁目,1
神奈川県茅ヶ崎市浜竹２丁目,1
神奈川県茅ヶ崎市浜竹３丁目,1
神奈川県茅ヶ崎市浜竹４丁目,1
神奈川県茅ヶ崎市浜之郷,1
神奈川県茅ヶ崎市富士見町,1
神奈川県茅ヶ崎市平和町,1
神奈川県茅ヶ崎市本宿町,1
神奈川県茅ヶ崎市本村１丁目,1
神奈川県茅ヶ崎市本村２丁目,1
神奈川県茅ヶ崎市本村３丁目,1
神奈川県茅ヶ崎市本村４丁目,1
神奈川県茅ヶ崎市本村５丁目,1
神奈川県茅ヶ崎市柳島,1
神奈川県茅ヶ崎市柳島１丁目,1
神奈川県茅ヶ崎市柳島２丁目,1
神奈川県茅ヶ崎市柳島海岸,1
神奈川県茅ヶ崎市緑が浜,1
神奈川県厚木市愛甲,1
神奈川県厚木市愛名,1
神奈川県厚木市旭町１丁目,1
神奈川県厚木市旭町５丁目,1
神奈川県厚木市栄町１丁目,1
神奈川県厚木市栄町２丁目,1
神奈川県厚木市王子１丁目,1
神奈川県厚木市王子２丁目,1
神奈川県厚木市王子３丁目,1
神奈川県厚木市岡田３丁目,1
神奈川県厚木市恩名,1
神奈川県厚木市恩名１丁目,1
神奈川県厚木市恩名２丁目,1
神奈川県厚木市恩名３丁目,1
神奈川県厚木市恩名４丁目,1
神奈川県厚木市恩名５丁目,1
神奈川県厚木市温水,1
神奈川県厚木市下荻野,1
神奈川県厚木市下古沢,1
神奈川県厚木市下川入,1
神奈川県厚木市下津古久,1
神奈川県厚木市及川,1
神奈川県厚木市及川１丁目,1
神奈川県厚木市及川２丁目,1
神奈川県厚木市金田,1
神奈川県厚木市元町,1
神奈川県厚木市戸室１丁目,1
神奈川県厚木市戸室２丁目,1
神奈川県厚木市戸室３丁目,1
神奈川県厚木市戸室４丁目,1
神奈川県厚木市戸室５丁目,1
神奈川県厚木市戸田,1
神奈川県厚木市吾妻町,1
神奈川県厚木市厚木町,1
神奈川県厚木市妻田,1
神奈川県厚木市妻田西１丁目,1
神奈川県厚木市妻田西２丁目,1
神奈川県厚木市妻田西３丁目,1
神奈川県厚木市妻田東１丁目,1
神奈川県厚木市妻田東２丁目,1
神奈川県厚木市妻田東３丁目,1
神奈川県厚木市妻田南１丁目,1
神奈川県厚木市妻田南２丁目,1
神奈川県厚木市妻田北１丁目,1
神奈川県厚木市妻田北３丁目,1
神奈川県厚木市妻田北４丁目,1
神奈川県厚木市三田,1
神奈川県厚木市三田南２丁目,1
神奈川県厚木市酒井,1
神奈川県厚木市寿町１丁目,1
神奈川県厚木市寿町２丁目,1
神奈川県厚木市寿町３丁目,1
神奈川県厚木市小野,1
神奈川県厚木市松枝１丁目,1
神奈川県厚木市松枝２丁目,1
神奈川県厚木市上荻野,1
神奈川県厚木市上古沢,1
神奈川県厚木市上落合,1
神奈川県厚木市森の里１丁目,1
神奈川県厚木市森の里２丁目,1
神奈川県厚木市森の里３丁目,1
神奈川県厚木市森の里４丁目,1
神奈川県厚木市森の里５丁目,1
神奈川県厚木市森の里若宮,1
神奈川県厚木市森の里青山,1
神奈川県厚木市水引１丁目,1
神奈川県厚木市水引２丁目,1
神奈川県厚木市泉町,1
神奈川県厚木市中荻野,1
神奈川県厚木市中町１丁目,1
神奈川県厚木市中町２丁目,1
神奈川県厚木市中町３丁目,1
神奈川県厚木市中町４丁目,1
神奈川県厚木市長沼,1
神奈川県厚木市田村町,1
神奈川県厚木市東町,1
神奈川県厚木市飯山,1
神奈川県厚木市緑ケ丘１丁目,1
神奈川県厚木市緑ケ丘２丁目,1
神奈川県厚木市緑ケ丘３丁目,1
神奈川県厚木市緑ケ丘４丁目,1
神奈川県厚木市緑ケ丘５丁目,1
神奈川県厚木市林,1
神奈川県厚木市林１丁目,1
神奈川県厚木市林２丁目,1
神奈川県厚木市林３丁目,1
神奈川県厚木市林４丁目,1
神奈川県厚木市林５丁目,1
神奈川県高座郡寒川町一之宮,1
神奈川県高座郡寒川町一之宮１丁目,1
神奈川県高座郡寒川町一之宮２丁目,1
神奈川県高座郡寒川町一之宮３丁目,1
神奈川県高座郡寒川町一之宮４丁目,1
神奈川県高座郡寒川町一之宮５丁目,1
神奈川県高座郡寒川町岡田,1
神奈川県高座郡寒川町岡田３丁目,1
神奈川県高座郡寒川町岡田４丁目,1
神奈川県高座郡寒川町岡田５丁目,1
神奈川県高座郡寒川町岡田６丁目,1
神奈川県高座郡寒川町岡田７丁目,1
神奈川県高座郡寒川町岡田８丁目,1
神奈川県高座郡寒川町宮山,1
神奈川県高座郡寒川町小谷,1
神奈川県高座郡寒川町小谷１丁目,1
神奈川県高座郡寒川町小谷２丁目,1
神奈川県高座郡寒川町小谷３丁目,1
神奈川県高座郡寒川町小谷４丁目,1
神奈川県高座郡寒川町小動,1
神奈川県高座郡寒川町倉見,1
神奈川県高座郡寒川町大曲,1
神奈川県高座郡寒川町大蔵,1
神奈川県高座郡寒川町中瀬,1
神奈川県座間市さがみ野１丁目,1
神奈川県座間市さがみ野２丁目,1
神奈川県座間市さがみ野３丁目,1
神奈川県座間市ひばりが丘１丁目,1
神奈川県座間市ひばりが丘２丁目,1
神奈川県座間市ひばりが丘３丁目,1
神奈川県座間市ひばりが丘４丁目,1
神奈川県座間市ひばりが丘５丁目,1
神奈川県座間市栗原,1
神奈川県座間市栗原中央１丁目,1
神奈川県座間市栗原中央２丁目,1
神奈川県座間市栗原中央３丁目,1
神奈川県座間市栗原中央４丁目,1
神奈川県座間市栗原中央５丁目,1
神奈川県座間市栗原中央６丁目,1
神奈川県座間市広野台１丁目,1
神奈川県座間市広野台２丁目,1
神奈川県座間市座間,1
神奈川県座間市座間１丁目,1
神奈川県座間市座間２丁目,1
神奈川県座間市座間入谷,1
神奈川県座間市小松原１丁目,1
神奈川県座間市小松原２丁目,1
神奈川県座間市新田宿,1
神奈川県座間市西栗原１丁目,1
神奈川県座間市西栗原２丁目,1
神奈川県座間市相武台１丁目,1
神奈川県座間市相武台２丁目,1
神奈川県座間市相武台３丁目,1
神奈川県座間市相武台４丁目,1
神奈川県座間市相模が丘１丁目,1
神奈川県座間市相模が丘２丁目,1
神奈川県座間市相模が丘３丁目,1
神奈川県座間市相模が丘４丁目,1
神奈川県座間市相模が丘５丁目,1
神奈川県座間市相模が丘６丁目,1
神奈川県座間市東原１丁目,1
神奈川県座間市東原２丁目,1
神奈川県座間市東原３丁目,1
神奈川県座間市東原４丁目,1
神奈川県座間市東原５丁目,1
神奈川県座間市南栗原１丁目,1
神奈川県座間市南栗原２丁目,1
神奈川県座間市南栗原３丁目,1
神奈川県座間市南栗原４丁目,1
神奈川県座間市南栗原５丁目,1
神奈川県座間市南栗原６丁目,1
神奈川県座間市入谷１丁目,1
神奈川県座間市入谷３丁目,1
神奈川県座間市入谷４丁目,1
神奈川県座間市入谷５丁目,1
神奈川県座間市明王,1
神奈川県座間市立野台１丁目,1
神奈川県座間市立野台２丁目,1
神奈川県座間市立野台３丁目,1
神奈川県座間市緑ケ丘,1
神奈川県座間市緑ケ丘１丁目,1
神奈川県座間市緑ケ丘２丁目,1
神奈川県座間市緑ケ丘３丁目,1
神奈川県座間市緑ケ丘４丁目,1
神奈川県座間市緑ケ丘５丁目,1
神奈川県座間市緑ケ丘６丁目,1
神奈川県三浦郡葉山町堀内,1
神奈川県逗子市久木４丁目,1
神奈川県逗子市久木５丁目,1
神奈川県逗子市桜山７丁目,1
神奈川県逗子市山の根１丁目,1
神奈川県逗子市小坪１丁目,1
神奈川県逗子市小坪２丁目,1
神奈川県逗子市小坪３丁目,1
神奈川県逗子市小坪４丁目,1
神奈川県逗子市小坪５丁目,1
神奈川県逗子市小坪６丁目,1
神奈川県逗子市小坪７丁目,1
神奈川県逗子市沼間２丁目,1
神奈川県逗子市新宿１丁目,1
神奈川県逗子市新宿２丁目,1
神奈川県逗子市新宿３丁目,1
神奈川県逗子市新宿４丁目,1
神奈川県逗子市新宿５丁目,1
神奈川県逗子市逗子５丁目,1
神奈川県逗子市逗子６丁目,1
神奈川県逗子市逗子７丁目,1
神奈川県逗子市池子２丁目,1
神奈川県逗子市池子３丁目,1
神奈川県逗子市池子４丁目,1
神奈川県川崎市幸区小向町,1
神奈川県川崎市幸区南加瀬３丁目,1
神奈川県川崎市川崎区塩浜１丁目,1
神奈川県川崎市川崎区塩浜２丁目,1
神奈川県川崎市川崎区塩浜４丁目,1
神奈川県川崎市川崎区観音１丁目,1
神奈川県川崎市川崎区観音２丁目,1
神奈川県川崎市川崎区江川１丁目,1
神奈川県川崎市川崎区江川２丁目,1
神奈川県川崎市川崎区四谷下町,1
神奈川県川崎市川崎区四谷上町,1
神奈川県川崎市川崎区出来野,1
神奈川県川崎市川崎区小田２丁目,1
神奈川県川崎市川崎区昭和１丁目,1
神奈川県川崎市川崎区昭和２丁目,1
神奈川県川崎市川崎区川中島１丁目,1
神奈川県川崎市川崎区川中島２丁目,1
神奈川県川崎市川崎区浅野町,1
神奈川県川崎市川崎区台町,1
神奈川県川崎市川崎区大師駅前１丁目,1
神奈川県川崎市川崎区大師河原１丁目,1
神奈川県川崎市川崎区大師河原２丁目,1
神奈川県川崎市川崎区大師公園,1
神奈川県川崎市川崎区大師町,1
神奈川県川崎市川崎区大師本町,1
神奈川県川崎市川崎区池上新町２丁目,1
神奈川県川崎市川崎区池上新町３丁目,1
神奈川県川崎市川崎区中瀬２丁目,1
神奈川県川崎市川崎区中瀬３丁目,1
神奈川県川崎市川崎区中島２丁目,1
神奈川県川崎市川崎区殿町１丁目,1
神奈川県川崎市川崎区殿町３丁目,1
神奈川県川崎市川崎区田町１丁目,1
神奈川県川崎市川崎区田町２丁目,1
神奈川県川崎市川崎区田町３丁目,1
神奈川県川崎市川崎区東門前１丁目,1
神奈川県川崎市川崎区東門前２丁目,1
神奈川県川崎市川崎区東門前３丁目,1
神奈川県川崎市川崎区藤崎３丁目,1
神奈川県川崎市川崎区藤崎４丁目,1
神奈川県川崎市川崎区南町,1
神奈川県川崎市川崎区日ノ出１丁目,1
神奈川県川崎市川崎区日ノ出２丁目,1
神奈川県川崎市川崎区浜町１丁目,1
神奈川県川崎市川崎区浮島町,1
神奈川県相模原市相南２丁目,1
神奈川県相模原市中央区相模原７丁目,1
神奈川県相模原市中央区田名,1
神奈川県相模原市東林間５丁目,1
神奈川県相模原市南区松が枝町,1
神奈川県相模原市南区相南１丁目,1
神奈川県相模原市南区相南２丁目,1
神奈川県相模原市南区相南３丁目,1
神奈川県相模原市南区相南４丁目,1
神奈川県相模原市南区相武台１丁目,1
神奈川県相模原市南区相武台３丁目,1
神奈川県相模原市南区相模台３丁目,1
神奈川県相模原市南区大野台３丁目,1
神奈川県相模原市南区東林間３丁目,1
神奈川県相模原市南区東林間５丁目,1
神奈川県相模原市南区東林間６丁目,1
神奈川県相模原市南区東林間７丁目,1
神奈川県相模原市南区当麻,1
神奈川県大和市下鶴間,1
神奈川県大和市桜森１丁目,1
神奈川県大和市桜森２丁目,1
神奈川県大和市桜森３丁目,1
神奈川県大和市上草柳,1
神奈川県大和市深見,1
神奈川県大和市西鶴間１丁目,1
神奈川県大和市西鶴間２丁目,1
神奈川県大和市西鶴間６丁目,1
神奈川県大和市西鶴間７丁目,1
神奈川県大和市西鶴間８丁目,1
神奈川県大和市中央３丁目,1
神奈川県大和市中央林間４丁目,1
神奈川県大和市中央林間西２丁目,1
神奈川県大和市中央林間西３丁目,1
神奈川県大和市中央林間西６丁目,1
神奈川県大和市鶴間２丁目,1
神奈川県大和市南林間２丁目,1
神奈川県大和市南林間３丁目,1
神奈川県大和市南林間５丁目,1
神奈川県大和市南林間６丁目,1
神奈川県大和市南林間７丁目,1
神奈川県大和市南林間８丁目,1
神奈川県大和市南林間９丁目,1
神奈川県大和市福田,1
神奈川県大和市福田３丁目,1
神奈川県藤沢市みその台,1
神奈川県藤沢市稲荷,1
神奈川県藤沢市稲荷１丁目,1
神奈川県藤沢市羽鳥１丁目,1
神奈川県藤沢市羽鳥２丁目,1
神奈川県藤沢市羽鳥３丁目,1
神奈川県藤沢市羽鳥４丁目,1
神奈川県藤沢市羽鳥５丁目,1
神奈川県藤沢市円行,1
神奈川県藤沢市円行１丁目,1
神奈川県藤沢市円行２丁目,1
神奈川県藤沢市遠藤,1
神奈川県藤沢市下土棚,1
神奈川県藤沢市花の木,1
神奈川県藤沢市葛原,1
神奈川県藤沢市亀井野,1
神奈川県藤沢市亀井野１丁目,1
神奈川県藤沢市亀井野２丁目,1
神奈川県藤沢市亀井野３丁目,1
神奈川県藤沢市亀井野４丁目,1
神奈川県藤沢市宮原,1
神奈川県藤沢市宮前,1
神奈川県藤沢市桐原町,1
神奈川県藤沢市江の島１丁目,1
神奈川県藤沢市江の島２丁目,1
神奈川県藤沢市高倉,1
神奈川県藤沢市高谷,1
神奈川県藤沢市鵠沼,1
神奈川県藤沢市鵠沼花沢町,1
神奈川県藤沢市鵠沼海岸１丁目,1
神奈川県藤沢市鵠沼海岸２丁目,1
神奈川県藤沢市鵠沼海岸３丁目,1
神奈川県藤沢市鵠沼海岸４丁目,1
神奈川県藤沢市鵠沼海岸５丁目,1
神奈川県藤沢市鵠沼海岸６丁目,1
神奈川県藤沢市鵠沼海岸７丁目,1
神奈川県藤沢市鵠沼橘１丁目,1
神奈川県藤沢市鵠沼橘２丁目,1
神奈川県藤沢市鵠沼桜が岡１丁目,1
神奈川県藤沢市鵠沼桜が岡２丁目,1
神奈川県藤沢市鵠沼桜が岡３丁目,1
神奈川県藤沢市鵠沼桜が岡４丁目,1
神奈川県藤沢市鵠沼松が岡１丁目,1
神奈川県藤沢市鵠沼松が岡２丁目,1
神奈川県藤沢市鵠沼松が岡３丁目,1
神奈川県藤沢市鵠沼松が岡４丁目,1
神奈川県藤沢市鵠沼松が岡５丁目,1
神奈川県藤沢市鵠沼神明１丁目,1
神奈川県藤沢市鵠沼神明２丁目,1
神奈川県藤沢市鵠沼神明３丁目,1
神奈川県藤沢市鵠沼神明４丁目,1
神奈川県藤沢市鵠沼神明５丁目,1
神奈川県藤沢市鵠沼石上１丁目,1
神奈川県藤沢市鵠沼石上２丁目,1
神奈川県藤沢市鵠沼石上３丁目,1
神奈川県藤沢市鵠沼東,1
神奈川県藤沢市鵠沼藤が谷１丁目,1
神奈川県藤沢市鵠沼藤が谷２丁目,1
神奈川県藤沢市鵠沼藤が谷３丁目,1
神奈川県藤沢市鵠沼藤が谷４丁目,1
神奈川県藤沢市今田,1
神奈川県藤沢市小塚,1
神奈川県藤沢市湘南台１丁目,1
神奈川県藤沢市湘南台２丁目,1
神奈川県藤沢市湘南台３丁目,1
神奈川県藤沢市湘南台４丁目,1
神奈川県藤沢市湘南台５丁目,1
神奈川県藤沢市湘南台６丁目,1
神奈川県藤沢市湘南台７丁目,1
神奈川県藤沢市菖蒲沢,1
神奈川県藤沢市城南１丁目,1
神奈川県藤沢市城南２丁目,1
神奈川県藤沢市城南３丁目,1
神奈川県藤沢市城南４丁目,1
神奈川県藤沢市城南５丁目,1
神奈川県藤沢市西富,1
神奈川県藤沢市西富１丁目,1
神奈川県藤沢市西富２丁目,1
神奈川県藤沢市西俣野,1
神奈川県藤沢市石川,1
神奈川県藤沢市石川１丁目,1
神奈川県藤沢市石川２丁目,1
神奈川県藤沢市石川３丁目,1
神奈川県藤沢市石川４丁目,1
神奈川県藤沢市石川５丁目,1
神奈川県藤沢市石川６丁目,1
神奈川県藤沢市川名,1
神奈川県藤沢市川名１丁目,1
神奈川県藤沢市川名２丁目,1
神奈川県藤沢市善行１丁目,1
神奈川県藤沢市善行２丁目,1
神奈川県藤沢市善行３丁目,1
神奈川県藤沢市善行４丁目,1
神奈川県藤沢市善行５丁目,1
神奈川県藤沢市善行６丁目,1
神奈川県藤沢市善行７丁目,1
神奈川県藤沢市善行坂１丁目,1
神奈川県藤沢市善行坂２丁目,1
神奈川県藤沢市善行団地,1
神奈川県藤沢市村岡東１丁目,1
神奈川県藤沢市村岡東２丁目,1
神奈川県藤沢市村岡東３丁目,1
神奈川県藤沢市村岡東４丁目,1
神奈川県藤沢市打戻,1
神奈川県藤沢市大鋸,1
神奈川県藤沢市大鋸１丁目,1
神奈川県藤沢市大鋸２丁目,1
神奈川県藤沢市大鋸３丁目,1
神奈川県藤沢市大庭,1
神奈川県藤沢市朝日町,1
神奈川県藤沢市長後,1
神奈川県藤沢市辻堂,1
神奈川県藤沢市辻堂１丁目,1
神奈川県藤沢市辻堂２丁目,1
神奈川県藤沢市辻堂３丁目,1
神奈川県藤沢市辻堂４丁目,1
神奈川県藤沢市辻堂５丁目,1
神奈川県藤沢市辻堂６丁目,1
神奈川県藤沢市辻堂元町１丁目,1
神奈川県藤沢市辻堂元町２丁目,1
神奈川県藤沢市辻堂元町３丁目,1
神奈川県藤沢市辻堂元町４丁目,1
神奈川県藤沢市辻堂元町５丁目,1
神奈川県藤沢市辻堂元町６丁目,1
神奈川県藤沢市辻堂新町１丁目,1
神奈川県藤沢市辻堂新町２丁目,1
神奈川県藤沢市辻堂新町３丁目,1
神奈川県藤沢市辻堂新町４丁目,1
神奈川県藤沢市辻堂神台１丁目,1
神奈川県藤沢市辻堂神台２丁目,1
神奈川県藤沢市辻堂西海岸１丁目,1
神奈川県藤沢市辻堂西海岸２丁目,1
神奈川県藤沢市辻堂西海岸３丁目,1
神奈川県藤沢市辻堂太平台１丁目,1
神奈川県藤沢市辻堂太平台２丁目,1
神奈川県藤沢市辻堂東海岸１丁目,1
神奈川県藤沢市辻堂東海岸２丁目,1
神奈川県藤沢市辻堂東海岸３丁目,1
神奈川県藤沢市辻堂東海岸４丁目,1
神奈川県藤沢市天神町１丁目,1
神奈川県藤沢市天神町２丁目,1
神奈川県藤沢市天神町３丁目,1
神奈川県藤沢市渡内,1
神奈川県藤沢市渡内１丁目,1
神奈川県藤沢市渡内２丁目,1
神奈川県藤沢市渡内３丁目,1
神奈川県藤沢市渡内４丁目,1
神奈川県藤沢市土棚,1
神奈川県藤沢市藤が岡１丁目,1
神奈川県藤沢市藤が岡２丁目,1
神奈川県藤沢市藤が岡３丁目,1
神奈川県藤沢市藤沢,1
神奈川県藤沢市藤沢１丁目,1
神奈川県藤沢市藤沢２丁目,1
神奈川県藤沢市藤沢３丁目,1
神奈川県藤沢市藤沢４丁目,1
神奈川県藤沢市藤沢５丁目,1
神奈川県藤沢市南藤沢,1
神奈川県藤沢市白旗１丁目,1
神奈川県藤沢市白旗２丁目,1
神奈川県藤沢市白旗３丁目,1
神奈川県藤沢市白旗４丁目,1
神奈川県藤沢市柄沢,1
神奈川県藤沢市片瀬,1
神奈川県藤沢市片瀬１丁目,1
神奈川県藤沢市片瀬２丁目,1
神奈川県藤沢市片瀬３丁目,1
神奈川県藤沢市片瀬４丁目,1
神奈川県藤沢市片瀬５丁目,1
神奈川県藤沢市片瀬海岸１丁目,1
神奈川県藤沢市片瀬海岸２丁目,1
神奈川県藤沢市片瀬海岸３丁目,1
神奈川県藤沢市片瀬山１丁目,1
神奈川県藤沢市片瀬山２丁目,1
神奈川県藤沢市片瀬山３丁目,1
神奈川県藤沢市片瀬山４丁目,1
神奈川県藤沢市片瀬山５丁目,1
神奈川県藤沢市片瀬目白山,1
神奈川県藤沢市本鵠沼１丁目,1
神奈川県藤沢市本鵠沼２丁目,1
神奈川県藤沢市本鵠沼３丁目,1
神奈川県藤沢市本鵠沼４丁目,1
神奈川県藤沢市本鵠沼５丁目,1
神奈川県藤沢市本町１丁目,1
神奈川県藤沢市本町２丁目,1
神奈川県藤沢市本町３丁目,1
神奈川県藤沢市本町４丁目,1
神奈川県藤沢市本藤沢１丁目,1
神奈川県藤沢市本藤沢２丁目,1
神奈川県藤沢市本藤沢３丁目,1
神奈川県藤沢市本藤沢４丁目,1
神奈川県藤沢市本藤沢５丁目,1
神奈川県藤沢市本藤沢６丁目,1
神奈川県藤沢市本藤沢７丁目,1
神奈川県藤沢市弥勒寺,1
神奈川県藤沢市弥勒寺１丁目,1
神奈川県藤沢市弥勒寺２丁目,1
神奈川県藤沢市弥勒寺３丁目,1
神奈川県藤沢市弥勒寺４丁目,1
神奈川県藤沢市用田,1
神奈川県藤沢市立石１丁目,1
神奈川県藤沢市立石２丁目,1
神奈川県藤沢市立石３丁目,1
神奈川県藤沢市立石４丁目,1
神奈川県藤沢市獺郷,1
神奈川県平塚市榎木町,1
神奈川県平塚市横内,1
神奈川県平塚市吉際,1
神奈川県平塚市久領堤,1
神奈川県平塚市宮松町,1
神奈川県平塚市札場町,1
神奈川県平塚市四之宮,1
神奈川県平塚市四之宮２丁目,1
神奈川県平塚市四之宮３丁目,1
神奈川県平塚市小鍋島,1
神奈川県平塚市城所,1
神奈川県平塚市西八幡２丁目,1
神奈川県平塚市西八幡４丁目,1
神奈川県平塚市大神,1
神奈川県平塚市大島,1
神奈川県平塚市中堂,1
神奈川県平塚市長瀞,1
神奈川県平塚市堤町,1
神奈川県平塚市天沼,1
神奈川県平塚市田村,1
神奈川県平塚市東八幡１丁目,1
神奈川県平塚市東八幡２丁目,1
神奈川県平塚市東八幡３丁目,1
神奈川県平塚市東八幡４丁目,1
神奈川県平塚市東八幡５丁目,1
神奈川県平塚市馬入,1
神奈川県平塚市馬入本町,1
神奈川県平塚市八重咲町,1
神奈川県平塚市八千代町,1
神奈川県平塚市八幡,1
神奈川県平塚市飯島,1
神奈川県平塚市万田,1
神奈川県平塚市夕陽ケ丘,1
神奈川県平塚市老松町,1
神奈川県平塚市菫平,1
神奈川県横浜市旭区さちが丘,2
神奈川県横浜市旭区下川井町,2
神奈川県横浜市旭区金が谷,2
神奈川県横浜市旭区金が谷１丁目,2
神奈川県横浜市旭区金が谷２丁目,2
神奈川県横浜市旭区今宿１丁目,2
神奈川県横浜市旭区今宿２丁目,2
神奈川県横浜市旭区今宿西町,2
神奈川県横浜市旭区今宿町,2
神奈川県横浜市旭区今宿東町,2
神奈川県横浜市旭区今宿南町,2
神奈川県横浜市旭区今川町,2
神奈川県横浜市旭区笹野台１丁目,2
神奈川県横浜市旭区笹野台２丁目,2
神奈川県横浜市旭区笹野台３丁目,2
神奈川県横浜市旭区笹野台４丁目,2
神奈川県横浜市旭区若葉台１丁目,2
神奈川県横浜市旭区若葉台２丁目,2
神奈川県横浜市旭区若葉台３丁目,2
神奈川県横浜市旭区若葉台４丁目,2
神奈川県横浜市旭区上川井町,2
神奈川県横浜市旭区上白根１丁目,2
神奈川県横浜市旭区上白根２丁目,2
神奈川県横浜市旭区上白根３丁目,2
神奈川県横浜市旭区上白根町,2
神奈川県横浜市旭区西川島町,2
神奈川県横浜市旭区川井宿町,2
神奈川県横浜市旭区川井本町,2
神奈川県横浜市旭区中希望が丘,2
神奈川県横浜市旭区中沢１丁目,2
神奈川県横浜市旭区中沢２丁目,2
神奈川県横浜市旭区中沢３丁目,2
神奈川県横浜市旭区中白根１丁目,2
神奈川県横浜市旭区中白根２丁目,2
神奈川県横浜市旭区中白根３丁目,2
神奈川県横浜市旭区中尾１丁目,2
神奈川県横浜市旭区中尾２丁目,2
神奈川県横浜市旭区鶴ケ峰１丁目,2
神奈川県横浜市旭区鶴ケ峰２丁目,2
神奈川県横浜市旭区鶴ケ峰本町,2
神奈川県横浜市旭区鶴ケ峰本町１丁目,2
神奈川県横浜市旭区鶴ケ峰本町２丁目,2
神奈川県横浜市旭区鶴ケ峰本町３丁目,2
神奈川県横浜市旭区都岡町,2
神奈川県横浜市旭区東希望が丘,2
神奈川県横浜市旭区南希望が丘,2
神奈川県横浜市旭区南本宿町,2
神奈川県横浜市旭区二俣川１丁目,2
神奈川県横浜市旭区柏町,2
神奈川県横浜市旭区白根２丁目,2
神奈川県横浜市旭区白根５丁目,2
神奈川県横浜市旭区白根６丁目,2
神奈川県横浜市旭区白根町,2
神奈川県横浜市旭区本村町,2
神奈川県横浜市旭区矢指町,2
神奈川県横浜市瀬谷区阿久和西１丁目,2
神奈川県横浜市瀬谷区阿久和西２丁目,2
神奈川県横浜市瀬谷区阿久和西３丁目,2
神奈川県横浜市瀬谷区阿久和西４丁目,2
神奈川県横浜市瀬谷区阿久和町,2
神奈川県横浜市瀬谷区阿久和東１丁目,2
神奈川県横浜市瀬谷区阿久和東２丁目,2
神奈川県横浜市瀬谷区阿久和東３丁目,2
神奈川県横浜市瀬谷区阿久和東４丁目,2
神奈川県横浜市瀬谷区阿久和南１丁目,2
神奈川県横浜市瀬谷区阿久和南２丁目,2
神奈川県横浜市瀬谷区阿久和南３丁目,2
神奈川県横浜市瀬谷区阿久和南４丁目,2
神奈川県横浜市瀬谷区卸本町,2
神奈川県横浜市瀬谷区下瀬谷１丁目,2
神奈川県横浜市瀬谷区下瀬谷２丁目,2
神奈川県横浜市瀬谷区下瀬谷３丁目,2
神奈川県横浜市瀬谷区宮沢１丁目,2
神奈川県横浜市瀬谷区宮沢２丁目,2
神奈川県横浜市瀬谷区宮沢３丁目,2
神奈川県横浜市瀬谷区宮沢４丁目,2
神奈川県横浜市瀬谷区橋戸１丁目,2
神奈川県横浜市瀬谷区橋戸２丁目,2
神奈川県横浜市瀬谷区橋戸３丁目,2
神奈川県横浜市瀬谷区五貫目町,2
神奈川県横浜市瀬谷区三ツ境,2
神奈川県横浜市瀬谷区上瀬谷町,2
神奈川県横浜市瀬谷区瀬谷１丁目,2
神奈川県横浜市瀬谷区瀬谷２丁目,2
神奈川県横浜市瀬谷区瀬谷３丁目,2
神奈川県横浜市瀬谷区瀬谷４丁目,2
神奈川県横浜市瀬谷区瀬谷５丁目,2
神奈川県横浜市瀬谷区瀬谷６丁目,2
神奈川県横浜市瀬谷区瀬谷町,2
神奈川県横浜市瀬谷区相沢１丁目,2
神奈川県横浜市瀬谷区相沢２丁目,2
神奈川県横浜市瀬谷区相沢３丁目,2
神奈川県横浜市瀬谷区相沢４丁目,2
神奈川県横浜市瀬谷区相沢５丁目,2
神奈川県横浜市瀬谷区相沢６丁目,2
神奈川県横浜市瀬谷区相沢７丁目,2
神奈川県横浜市瀬谷区竹村町,2
神奈川県横浜市瀬谷区中央,2
神奈川県横浜市瀬谷区中屋敷１丁目,2
神奈川県横浜市瀬谷区中屋敷２丁目,2
神奈川県横浜市瀬谷区中屋敷３丁目,2
神奈川県横浜市瀬谷区東野,2
神奈川県横浜市瀬谷区東野台,2
神奈川県横浜市瀬谷区南瀬谷１丁目,2
神奈川県横浜市瀬谷区南瀬谷２丁目,2
神奈川県横浜市瀬谷区南台１丁目,2
神奈川県横浜市瀬谷区南台２丁目,2
神奈川県横浜市瀬谷区二ツ橋町,2
神奈川県横浜市瀬谷区北新,2
神奈川県横浜市瀬谷区北町,2
神奈川県横浜市瀬谷区本郷１丁目,2
神奈川県横浜市瀬谷区本郷２丁目,2
神奈川県横浜市瀬谷区本郷３丁目,2
神奈川県横浜市瀬谷区本郷４丁目,2
神奈川県横浜市瀬谷区目黒町,2
神奈川県横浜市青葉区松風台,2
神奈川県横浜市青葉区奈良５丁目,2
神奈川県横浜市都筑区佐江戸町,2
神奈川県横浜市都筑区川向町,2
神奈川県横浜市保土ケ谷区今井町,2
神奈川県横浜市保土ケ谷区狩場町,2
神奈川県横浜市緑区いぶき野,2
神奈川県横浜市緑区鴨居１丁目,2
神奈川県横浜市緑区鴨居２丁目,2
神奈川県横浜市緑区鴨居３丁目,2
神奈川県横浜市緑区鴨居４丁目,2
神奈川県横浜市緑区鴨居５丁目,2
神奈川県横浜市緑区鴨居６丁目,2
神奈川県横浜市緑区鴨居７丁目,2
神奈川県横浜市緑区鴨居町,2
神奈川県横浜市緑区三保町,2
神奈川県横浜市緑区寺山町,2
神奈川県横浜市緑区十日市場町,2
神奈川県横浜市緑区小山町,2
神奈川県横浜市緑区上山１丁目,2
神奈川県横浜市緑区上山２丁目,2
神奈川県横浜市緑区上山３丁目,2
神奈川県横浜市緑区上山町,2
神奈川県横浜市緑区新治町,2
神奈川県横浜市緑区森の台,2
神奈川県横浜市緑区西八朔町,2
神奈川県横浜市緑区台村町,2
神奈川県横浜市緑区中山町,2
神奈川県横浜市緑区長津田１丁目,2
神奈川県横浜市緑区長津田４丁目,2
神奈川県横浜市緑区長津田５丁目,2
神奈川県横浜市緑区長津田６丁目,2
神奈川県横浜市緑区長津田７丁目,2
神奈川県横浜市緑区長津田みなみ台１丁目,2
神奈川県横浜市緑区長津田みなみ台２丁目,2
神奈川県横浜市緑区長津田みなみ台３丁目,2
神奈川県横浜市緑区長津田みなみ台４丁目,2
神奈川県横浜市緑区長津田みなみ台５丁目,2
神奈川県横浜市緑区長津田みなみ台６丁目,2
神奈川県横浜市緑区長津田みなみ台７丁目,2
神奈川県横浜市緑区長津田町,2
神奈川県横浜市緑区東本郷町,2
神奈川県横浜市緑区白山１丁目,2
神奈川県横浜市緑区白山２丁目,2
神奈川県横浜市緑区白山３丁目,2
神奈川県横浜市緑区白山４丁目,2
神奈川県横浜市緑区北八朔町,2
神奈川県横浜市緑区霧が丘１丁目,2
神奈川県横浜市緑区霧が丘２丁目,2
神奈川県横浜市緑区霧が丘３丁目,2
神奈川県横浜市緑区霧が丘４丁目,2
神奈川県横浜市緑区霧が丘５丁目,2
神奈川県横浜市緑区霧が丘６丁目,2
神奈川県茅ヶ崎市みずき１丁目,2
神奈川県茅ヶ崎市みずき４丁目,2
神奈川県茅ヶ崎市円蔵１丁目,2
神奈川県茅ヶ崎市円蔵２丁目,2
神奈川県茅ケ崎市下町屋,2
神奈川県茅ヶ崎市下町屋１丁目,2
神奈川県茅ヶ崎市下町屋２丁目,2
神奈川県茅ヶ崎市下町屋３丁目,2
神奈川県茅ヶ崎市茅ケ崎１丁目,2
神奈川県茅ヶ崎市茅ケ崎３丁目,2
神奈川県茅ヶ崎市共恵１丁目,2
神奈川県茅ヶ崎市共恵２丁目,2
神奈川県茅ヶ崎市元町,2
神奈川県茅ヶ崎市幸町,2
神奈川県茅ヶ崎市香川,2
神奈川県茅ヶ崎市香川３丁目,2
神奈川県茅ヶ崎市香川４丁目,2
神奈川県茅ヶ崎市香川５丁目,2
神奈川県茅ヶ崎市香川７丁目,2
神奈川県茅ヶ崎市十間坂１丁目,2
神奈川県茅ヶ崎市十間坂２丁目,2
神奈川県茅ヶ崎市十間坂３丁目,2
神奈川県茅ヶ崎市松尾,2
神奈川県茅ヶ崎市新栄町,2
神奈川県茅ヶ崎市西久保,2
神奈川県茅ヶ崎市中海岸１丁目,2
神奈川県茅ヶ崎市中海岸２丁目,2
神奈川県茅ヶ崎市中海岸３丁目,2
神奈川県茅ヶ崎市中海岸４丁目,2
神奈川県茅ヶ崎市東海岸南３丁目,2
神奈川県茅ヶ崎市東海岸南４丁目,2
神奈川県茅ヶ崎市東海岸南５丁目,2
神奈川県茅ヶ崎市東海岸南６丁目,2
神奈川県茅ヶ崎市東海岸北１丁目,2
神奈川県茅ヶ崎市東海岸北２丁目,2
神奈川県茅ヶ崎市東海岸北３丁目,2
神奈川県茅ヶ崎市南湖１丁目,2
神奈川県茅ヶ崎市南湖２丁目,2
神奈川県茅ヶ崎市南湖３丁目,2
神奈川県茅ヶ崎市南湖４丁目,2
神奈川県茅ヶ崎市南湖６丁目,2
神奈川県茅ヶ崎市南湖７丁目,2
神奈川県茅ヶ崎市浜見平,2
神奈川県茅ヶ崎市矢畑,2
神奈川県高座郡寒川町一之宮６丁目,2
神奈川県高座郡寒川町一之宮７丁目,2
神奈川県高座郡寒川町一之宮８丁目,2
神奈川県高座郡寒川町一之宮９丁目,2
神奈川県高座郡寒川町下大曲,2
神奈川県高座郡寒川町大曲１丁目,2
神奈川県高座郡寒川町大曲２丁目,2
神奈川県高座郡寒川町大曲３丁目,2
神奈川県高座郡寒川町大曲４丁目,2
神奈川県高座郡寒川町田端,2
神奈川県小田原市羽根尾,2
神奈川県小田原市山西,2
神奈川県小田原市小船,2
神奈川県小田原市小竹,2
神奈川県小田原市沼代,2
神奈川県小田原市上町,2
神奈川県小田原市中村原,2
神奈川県小田原市東ケ丘,2
神奈川県秦野市下大槻,2
神奈川県秦野市下落合,2
神奈川県秦野市河原町,2
神奈川県秦野市今泉,2
神奈川県秦野市今泉台１丁目,2
神奈川県秦野市今泉台２丁目,2
神奈川県秦野市今泉台３丁目,2
神奈川県秦野市寺山,2
神奈川県秦野市室町,2
神奈川県秦野市上大槻,2
神奈川県秦野市西大竹,2
神奈川県秦野市曽屋,2
神奈川県秦野市大秦町,2
神奈川県秦野市南が丘１丁目,2
神奈川県秦野市南が丘２丁目,2
神奈川県秦野市南が丘３丁目,2
神奈川県秦野市南が丘４丁目,2
神奈川県秦野市南が丘５丁目,2
神奈川県秦野市南矢名,2
神奈川県秦野市入船町,2
神奈川県秦野市尾尻,2
神奈川県秦野市平沢,2
神奈川県秦野市本町２丁目,2
神奈川県秦野市末広町,2
神奈川県秦野市名古木,2
神奈川県秦野市落合,2
神奈川県秦野市立野台１丁目,2
神奈川県秦野市立野台２丁目,2
神奈川県秦野市立野台３丁目,2
神奈川県相模原市下九沢,2
神奈川県相模原市橋本,2
神奈川県相模原市橋本２丁目,2
神奈川県相模原市上溝５丁目,2
神奈川県相模原市上溝６丁目,2
神奈川県相模原市清新１丁目,2
神奈川県相模原市清新２丁目,2
神奈川県相模原市西橋本２丁目,2
神奈川県相模原市相原,2
神奈川県相模原市相原６丁目,2
神奈川県相模原市相模原１丁目,2
神奈川県相模原市相模原２丁目,2
神奈川県相模原市相模原３丁目,2
神奈川県相模原市中央区横山１丁目,2
神奈川県相模原市中央区横山３丁目,2
神奈川県相模原市中央区横山４丁目,2
神奈川県相模原市中央区横山５丁目,2
神奈川県相模原市中央区横山台１丁目,2
神奈川県相模原市中央区横山台２丁目,2
神奈川県相模原市中央区下九沢,2
神奈川県相模原市中央区共和１丁目,2
神奈川県相模原市中央区小山１丁目,2
神奈川県相模原市中央区小山２丁目,2
神奈川県相模原市中央区小山３丁目,2
神奈川県相模原市中央区小山４丁目,2
神奈川県相模原市中央区小町通１丁目,2
神奈川県相模原市中央区小町通２丁目,2
神奈川県相模原市中央区上溝,2
神奈川県相模原市中央区上溝１丁目,2
神奈川県相模原市中央区上溝２丁目,2
神奈川県相模原市中央区上溝３丁目,2
神奈川県相模原市中央区上溝４丁目,2
神奈川県相模原市中央区上溝５丁目,2
神奈川県相模原市中央区上溝６丁目,2
神奈川県相模原市中央区上溝７丁目,2
神奈川県相模原市中央区水郷田名１丁目,2
神奈川県相模原市中央区水郷田名２丁目,2
神奈川県相模原市中央区水郷田名３丁目,2
神奈川県相模原市中央区水郷田名４丁目,2
神奈川県相模原市中央区清新１丁目,2
神奈川県相模原市中央区清新２丁目,2
神奈川県相模原市中央区清新３丁目,2
神奈川県相模原市中央区清新４丁目,2
神奈川県相模原市中央区清新５丁目,2
神奈川県相模原市中央区清新６丁目,2
神奈川県相模原市中央区清新７丁目,2
神奈川県相模原市中央区清新８丁目,2
神奈川県相模原市中央区相模原１丁目,2
神奈川県相模原市中央区相模原２丁目,2
神奈川県相模原市中央区相模原３丁目,2
神奈川県相模原市中央区相模原４丁目,2
神奈川県相模原市中央区相模原５丁目,2
神奈川県相模原市中央区相模原８丁目,2
神奈川県相模原市中央区中央１丁目,2
神奈川県相模原市中央区中央４丁目,2
神奈川県相模原市中央区中央５丁目,2
神奈川県相模原市中央区田名塩田１丁目,2
神奈川県相模原市中央区田名塩田３丁目,2
神奈川県相模原市中央区東淵野辺２丁目,2
神奈川県相模原市中央区南橋本１丁目,2
神奈川県相模原市中央区南橋本２丁目,2
神奈川県相模原市中央区南橋本３丁目,2
神奈川県相模原市中央区南橋本４丁目,2
神奈川県相模原市中央区氷川町,2
神奈川県相模原市中央区矢部３丁目,2
神奈川県相模原市田名,2
神奈川県相模原市南区上鶴間,2
神奈川県相模原市南区上鶴間２丁目,2
神奈川県相模原市南区上鶴間３丁目,2
神奈川県相模原市南区上鶴間４丁目,2
神奈川県相模原市南区上鶴間５丁目,2
神奈川県相模原市南区上鶴間７丁目,2
神奈川県相模原市南区上鶴間８丁目,2
神奈川県相模原市南区上鶴間本町３丁目,2
神奈川県相模原市南区上鶴間本町４丁目,2
神奈川県相模原市南区上鶴間本町９丁目,2
神奈川県相模原市南区西大沼４丁目,2
神奈川県相模原市南区相模台２丁目,2
神奈川県相模原市南区相模大野１丁目,2
神奈川県相模原市南区相模大野９丁目,2
神奈川県相模原市南区東林間８丁目,2
神奈川県相模原市二本松４丁目,2
神奈川県相模原市氷川町,2
神奈川県相模原市緑区下九沢,2
神奈川県相模原市緑区橋本１丁目,2
神奈川県相模原市緑区橋本２丁目,2
神奈川県相模原市緑区橋本３丁目,2
神奈川県相模原市緑区橋本５丁目,2
神奈川県相模原市緑区橋本６丁目,2
神奈川県相模原市緑区橋本７丁目,2
神奈川県相模原市緑区橋本８丁目,2
神奈川県相模原市緑区橋本台１丁目,2
神奈川県相模原市緑区橋本台２丁目,2
神奈川県相模原市緑区橋本台３丁目,2
神奈川県相模原市緑区元橋本町,2
神奈川県相模原市緑区原宿１丁目,2
神奈川県相模原市緑区上九沢,2
神奈川県相模原市緑区西橋本１丁目,2
神奈川県相模原市緑区西橋本２丁目,2
神奈川県相模原市緑区西橋本３丁目,2
神奈川県相模原市緑区西橋本４丁目,2
神奈川県相模原市緑区西橋本５丁目,2
神奈川県相模原市緑区川尻,2
神奈川県相模原市緑区相原１丁目,2
神奈川県相模原市緑区相原２丁目,2
神奈川県相模原市緑区相原３丁目,2
神奈川県相模原市緑区相原４丁目,2
神奈川県相模原市緑区相原５丁目,2
神奈川県相模原市緑区相原６丁目,2
神奈川県相模原市緑区大山町,2
神奈川県相模原市緑区大島,2
神奈川県相模原市緑区町屋２丁目,2
神奈川県相模原市緑区田名,2
神奈川県相模原市緑区二本松２丁目,2
神奈川県相模原市緑区二本松３丁目,2
神奈川県相模原市緑区二本松４丁目,2
神奈川県相模原市緑区澤井,2
神奈川県足柄上郡中井町井ノ口,2
神奈川県足柄上郡中井町遠藤,2
神奈川県足柄上郡中井町鴨沢,2
神奈川県足柄上郡中井町岩倉,2
神奈川県足柄上郡中井町久所,2
神奈川県足柄上郡中井町境,2
神奈川県足柄上郡中井町境別所,2
神奈川県足柄上郡中井町古怒田,2
神奈川県足柄上郡中井町雑色,2
神奈川県足柄上郡中井町松本,2
神奈川県足柄上郡中井町田中,2
神奈川県足柄上郡中井町藤沢,2
神奈川県足柄上郡中井町半分形,2
神奈川県足柄上郡中井町比奈窪,2
神奈川県足柄上郡中井町北田,2
神奈川県大和市つきみ野１丁目,2
神奈川県大和市つきみ野２丁目,2
神奈川県大和市つきみ野３丁目,2
神奈川県大和市つきみ野４丁目,2
神奈川県大和市つきみ野５丁目,2
神奈川県大和市つきみ野６丁目,2
神奈川県大和市つきみ野７丁目,2
神奈川県大和市つきみ野８丁目,2
神奈川県大和市下草柳,2
神奈川県大和市下鶴間１丁目,2
神奈川県大和市下鶴間２丁目,2
神奈川県大和市下和田,2
神奈川県大和市上草柳１丁目,2
神奈川県大和市上草柳２丁目,2
神奈川県大和市上草柳３丁目,2
神奈川県大和市上草柳４丁目,2
神奈川県大和市上草柳５丁目,2
神奈川県大和市上草柳６丁目,2
神奈川県大和市上草柳７丁目,2
神奈川県大和市上草柳８丁目,2
神奈川県大和市上草柳９丁目,2
神奈川県大和市上和田,2
神奈川県大和市深見西１丁目,2
神奈川県大和市深見西２丁目,2
神奈川県大和市深見西３丁目,2
神奈川県大和市深見西４丁目,2
神奈川県大和市深見西５丁目,2
神奈川県大和市深見西６丁目,2
神奈川県大和市深見西７丁目,2
神奈川県大和市深見西８丁目,2
神奈川県大和市深見台１丁目,2
神奈川県大和市深見台２丁目,2
神奈川県大和市深見台３丁目,2
神奈川県大和市深見台４丁目,2
神奈川県大和市深見東１丁目,2
神奈川県大和市深見東２丁目,2
神奈川県大和市深見東３丁目,2
神奈川県大和市西鶴間３丁目,2
神奈川県大和市西鶴間４丁目,2
神奈川県大和市西鶴間５丁目,2
神奈川県大和市草柳１丁目,2
神奈川県大和市草柳２丁目,2
神奈川県大和市草柳３丁目,2
神奈川県大和市大和東１丁目,2
神奈川県大和市大和東２丁目,2
神奈川県大和市大和東３丁目,2
神奈川県大和市大和南１丁目,2
神奈川県大和市大和南２丁目,2
神奈川県大和市中央１丁目,2
神奈川県大和市中央２丁目,2
神奈川県大和市中央４丁目,2
神奈川県大和市中央５丁目,2
神奈川県大和市中央６丁目,2
神奈川県大和市中央７丁目,2
神奈川県大和市中央林間１丁目,2
神奈川県大和市中央林間２丁目,2
神奈川県大和市中央林間３丁目,2
神奈川県大和市中央林間５丁目,2
神奈川県大和市中央林間６丁目,2
神奈川県大和市中央林間西１丁目,2
神奈川県大和市中央林間西４丁目,2
神奈川県大和市中央林間西５丁目,2
神奈川県大和市鶴間１丁目,2
神奈川県大和市南林間１丁目,2
神奈川県大和市南林間４丁目,2
神奈川県大和市福田１丁目,2
神奈川県大和市福田２丁目,2
神奈川県大和市福田７丁目,2
神奈川県大和市福田８丁目,2
神奈川県大和市柳橋１丁目,2
神奈川県大和市柳橋２丁目,2
神奈川県大和市柳橋３丁目,2
神奈川県大和市柳橋４丁目,2
神奈川県大和市柳橋５丁目,2
神奈川県大和市林間１丁目,2
神奈川県大和市林間２丁目,2
神奈川県中郡大磯町月京,2
神奈川県中郡大磯町高麗２丁目,2
神奈川県中郡大磯町国府新宿,2
神奈川県中郡大磯町国府本郷,2
神奈川県中郡大磯町黒岩,2
神奈川県中郡大磯町寺坂,2
神奈川県中郡大磯町生沢,2
神奈川県中郡大磯町西久保,2
神奈川県中郡大磯町西小磯,2
神奈川県中郡大磯町石神台１丁目,2
神奈川県中郡大磯町石神台２丁目,2
神奈川県中郡大磯町石神台３丁目,2
神奈川県中郡大磯町大磯,2
神奈川県中郡大磯町虫窪,2
神奈川県中郡大磯町東小磯,2
神奈川県中郡大磯町東町３丁目,2
神奈川県中郡二宮町一色,2
神奈川県中郡二宮町山西,2
神奈川県中郡二宮町松根,2
神奈川県中郡二宮町川匂,2
神奈川県中郡二宮町中里,2
神奈川県中郡二宮町中里２丁目,2
神奈川県中郡二宮町二宮,2
神奈川県中郡二宮町百合が丘１丁目,2
神奈川県中郡二宮町百合が丘２丁目,2
神奈川県中郡二宮町百合が丘３丁目,2
神奈川県中郡二宮町富士見が丘１丁目,2
神奈川県中郡二宮町富士見が丘２丁目,2
神奈川県中郡二宮町富士見が丘３丁目,2
神奈川県中郡二宮町緑が丘１丁目,2
神奈川県中郡二宮町緑が丘２丁目,2
神奈川県中郡二宮町緑が丘３丁目,2
神奈川県町田市小山町,2
神奈川県町田市相原町,2
神奈川県平塚市めぐみが丘１丁目,2
神奈川県平塚市めぐみが丘２丁目,2
神奈川県平塚市岡崎,2
神奈川県平塚市下吉沢,2
神奈川県平塚市河内,2
神奈川県平塚市御殿１丁目,2
神奈川県平塚市御殿４丁目,2
神奈川県平塚市公所,2
神奈川県平塚市幸町,2
神奈川県平塚市広川,2
神奈川県平塚市高根,2
神奈川県平塚市高村,2
神奈川県平塚市根坂間,2
神奈川県平塚市山下,2
神奈川県平塚市四之宮４丁目,2
神奈川県平塚市四之宮５丁目,2
神奈川県平塚市四之宮６丁目,2
神奈川県平塚市四之宮７丁目,2
神奈川県平塚市寺田縄,2
神奈川県平塚市出縄,2
神奈川県平塚市上吉沢,2
神奈川県平塚市真田,2
神奈川県平塚市真田１丁目,2
神奈川県平塚市真田２丁目,2
神奈川県平塚市千須谷,2
神奈川県平塚市袖ケ浜,2
神奈川県平塚市中原２丁目,2
神奈川県平塚市中原下宿,2
神奈川県平塚市中原上宿,2
神奈川県平塚市長持,2
神奈川県平塚市田村１丁目,2
神奈川県平塚市田村２丁目,2
神奈川県平塚市田村３丁目,2
神奈川県平塚市田村４丁目,2
神奈川県平塚市田村５丁目,2
神奈川県平塚市田村６丁目,2
神奈川県平塚市田村７丁目,2
神奈川県平塚市田村８丁目,2
神奈川県平塚市田村９丁目,2
神奈川県平塚市土屋,2
神奈川県平塚市東中原２丁目,2
神奈川県平塚市徳延,2
神奈川県平塚市南金目,2
神奈川県平塚市南原１丁目,2
神奈川県平塚市南豊田,2
神奈川県平塚市日向岡１丁目,2
神奈川県平塚市日向岡２丁目,2
神奈川県平塚市入野,2
神奈川県平塚市片岡,2
神奈川県平塚市豊田宮下,2
神奈川県平塚市豊田平等寺,2
神奈川県平塚市豊田本郷,2
神奈川県平塚市北金目,2
神奈川県平塚市北金目１丁目,2
神奈川県平塚市北金目２丁目,2
神奈川県平塚市北金目３丁目,2
神奈川県平塚市北金目４丁目,2
神奈川県平塚市纒,2
神奈川県横須賀市グリーンハイツ,3
神奈川県横須賀市ハイランド１丁目,3
神奈川県横須賀市ハイランド２丁目,3
神奈川県横須賀市ハイランド３丁目,3
神奈川県横須賀市ハイランド４丁目,3
神奈川県横須賀市ハイランド５丁目,3
神奈川県横須賀市阿部倉,3
神奈川県横須賀市芦名１丁目,3
神奈川県横須賀市芦名２丁目,3
神奈川県横須賀市芦名３丁目,3
神奈川県横須賀市粟田１丁目,3
神奈川県横須賀市粟田２丁目,3
神奈川県横須賀市安浦町１丁目,3
神奈川県横須賀市安浦町２丁目,3
神奈川県横須賀市安浦町３丁目,3
神奈川県横須賀市安針台,3
神奈川県横須賀市衣笠栄町１丁目,3
神奈川県横須賀市衣笠栄町４丁目,3
神奈川県横須賀市衣笠町,3
神奈川県横須賀市稲岡町,3
神奈川県横須賀市浦賀１丁目,3
神奈川県横須賀市浦賀２丁目,3
神奈川県横須賀市浦賀３丁目,3
神奈川県横須賀市浦賀４丁目,3
神奈川県横須賀市浦賀５丁目,3
神奈川県横須賀市浦賀６丁目,3
神奈川県横須賀市浦賀７丁目,3
神奈川県横須賀市浦賀丘１丁目,3
神奈川県横須賀市浦賀丘２丁目,3
神奈川県横須賀市浦賀丘３丁目,3
神奈川県横須賀市浦賀町１丁目,3
神奈川県横須賀市浦賀町２丁目,3
神奈川県横須賀市浦賀町３丁目,3
神奈川県横須賀市浦賀町４丁目,3
神奈川県横須賀市浦賀町５丁目,3
神奈川県横須賀市浦賀町６丁目,3
神奈川県横須賀市浦賀町７丁目,3
神奈川県横須賀市浦上台１丁目,3
神奈川県横須賀市浦上台２丁目,3
神奈川県横須賀市浦上台３丁目,3
神奈川県横須賀市浦上台４丁目,3
神奈川県横須賀市荻野,3
神奈川県横須賀市鴨居１丁目,3
神奈川県横須賀市鴨居３丁目,3
神奈川県横須賀市鴨居４丁目,3
神奈川県横須賀市岩戸１丁目,3
神奈川県横須賀市岩戸２丁目,3
神奈川県横須賀市岩戸３丁目,3
神奈川県横須賀市岩戸４丁目,3
神奈川県横須賀市岩戸５丁目,3
神奈川県横須賀市吉井,3
神奈川県横須賀市吉井１丁目,3
神奈川県横須賀市吉井２丁目,3
神奈川県横須賀市吉井３丁目,3
神奈川県横須賀市吉井４丁目,3
神奈川県横須賀市吉倉町１丁目,3
神奈川県横須賀市吉倉町２丁目,3
神奈川県横須賀市久村,3
神奈川県横須賀市久比里１丁目,3
神奈川県横須賀市久比里２丁目,3
神奈川県横須賀市久里浜１丁目,3
神奈川県横須賀市久里浜３丁目,3
神奈川県横須賀市久里浜４丁目,3
神奈川県横須賀市久里浜５丁目,3
神奈川県横須賀市久里浜６丁目,3
神奈川県横須賀市久里浜７丁目,3
神奈川県横須賀市久里浜８丁目,3
神奈川県横須賀市久里浜９丁目,3
神奈川県横須賀市久里浜台１丁目,3
神奈川県横須賀市久里浜台２丁目,3
神奈川県横須賀市御幸浜,3
神奈川県横須賀市光の丘,3
神奈川県横須賀市光風台,3
神奈川県横須賀市公郷町１丁目,3
神奈川県横須賀市公郷町２丁目,3
神奈川県横須賀市公郷町３丁目,3
神奈川県横須賀市公郷町４丁目,3
神奈川県横須賀市公郷町５丁目,3
神奈川県横須賀市公郷町６丁目,3
神奈川県横須賀市根岸町１丁目,3
神奈川県横須賀市根岸町２丁目,3
神奈川県横須賀市根岸町３丁目,3
神奈川県横須賀市根岸町４丁目,3
神奈川県横須賀市根岸町５丁目,3
神奈川県横須賀市佐原１丁目,3
神奈川県横須賀市佐原２丁目,3
神奈川県横須賀市佐原３丁目,3
神奈川県横須賀市佐原４丁目,3
神奈川県横須賀市佐原５丁目,3
神奈川県横須賀市佐島,3
神奈川県横須賀市佐島１丁目,3
神奈川県横須賀市佐島２丁目,3
神奈川県横須賀市佐島３丁目,3
神奈川県横須賀市佐島の丘１丁目,3
神奈川県横須賀市佐島の丘２丁目,3
神奈川県横須賀市佐野町１丁目,3
神奈川県横須賀市佐野町６丁目,3
神奈川県横須賀市坂本町１丁目,3
神奈川県横須賀市坂本町６丁目,3
神奈川県横須賀市桜が丘１丁目,3
神奈川県横須賀市桜が丘２丁目,3
神奈川県横須賀市三春町１丁目,3
神奈川県横須賀市三春町２丁目,3
神奈川県横須賀市三春町３丁目,3
神奈川県横須賀市三春町４丁目,3
神奈川県横須賀市三春町５丁目,3
神奈川県横須賀市三春町６丁目,3
神奈川県横須賀市山科台,3
神奈川県横須賀市山中町,3
神奈川県横須賀市子安,3
神奈川県横須賀市汐見台３丁目,3
神奈川県横須賀市汐入町１丁目,3
神奈川県横須賀市汐入町２丁目,3
神奈川県横須賀市汐入町３丁目,3
神奈川県横須賀市汐入町４丁目,3
神奈川県横須賀市汐入町５丁目,3
神奈川県横須賀市若宮台,3
神奈川県横須賀市若松町１丁目,3
神奈川県横須賀市若松町２丁目,3
神奈川県横須賀市若松町３丁目,3
神奈川県横須賀市秋谷,3
神奈川県横須賀市秋谷１丁目,3
神奈川県横須賀市秋谷２丁目,3
神奈川県横須賀市秋谷３丁目,3
神奈川県横須賀市舟倉１丁目,3
神奈川県横須賀市舟倉２丁目,3
神奈川県横須賀市小原台,3
神奈川県横須賀市小川町,3
神奈川県横須賀市小矢部２丁目,3
神奈川県横須賀市小矢部３丁目,3
神奈川県横須賀市湘南国際村１丁目,3
神奈川県横須賀市上町１丁目,3
神奈川県横須賀市上町２丁目,3
神奈川県横須賀市上町３丁目,3
神奈川県横須賀市上町４丁目,3
神奈川県横須賀市新港町,3
神奈川県横須賀市森崎１丁目,3
神奈川県横須賀市森崎２丁目,3
神奈川県横須賀市森崎３丁目,3
神奈川県横須賀市森崎４丁目,3
神奈川県横須賀市森崎５丁目,3
神奈川県横須賀市森崎６丁目,3
神奈川県横須賀市深田台,3
神奈川県横須賀市神明町,3
神奈川県横須賀市須軽谷,3
神奈川県横須賀市西逸見町１丁目,3
神奈川県横須賀市西逸見町２丁目,3
神奈川県横須賀市西逸見町３丁目,3
神奈川県横須賀市西浦賀１丁目,3
神奈川県横須賀市西浦賀２丁目,3
神奈川県横須賀市西浦賀３丁目,3
神奈川県横須賀市西浦賀４丁目,3
神奈川県横須賀市西浦賀５丁目,3
神奈川県横須賀市西浦賀６丁目,3
神奈川県横須賀市西浦賀町１丁目,3
神奈川県横須賀市西浦賀町２丁目,3
神奈川県横須賀市西浦賀町３丁目,3
神奈川県横須賀市西浦賀町４丁目,3
神奈川県横須賀市西浦賀町５丁目,3
神奈川県横須賀市西浦賀町６丁目,3
神奈川県横須賀市船越町３丁目,3
神奈川県横須賀市船越町４丁目,3
神奈川県横須賀市船越町５丁目,3
神奈川県横須賀市走水１丁目,3
神奈川県横須賀市走水２丁目,3
神奈川県横須賀市太田和１丁目,3
神奈川県横須賀市太田和２丁目,3
神奈川県横須賀市太田和３丁目,3
神奈川県横須賀市太田和４丁目,3
神奈川県横須賀市太田和５丁目,3
神奈川県横須賀市大滝町１丁目,3
神奈川県横須賀市大滝町２丁目,3
神奈川県横須賀市大津町１丁目,3
神奈川県横須賀市大津町２丁目,3
神奈川県横須賀市大津町３丁目,3
神奈川県横須賀市大津町４丁目,3
神奈川県横須賀市大津町５丁目,3
神奈川県横須賀市大矢部１丁目,3
神奈川県横須賀市大矢部２丁目,3
神奈川県横須賀市大矢部３丁目,3
神奈川県横須賀市大矢部４丁目,3
神奈川県横須賀市大矢部５丁目,3
神奈川県横須賀市大矢部６丁目,3
神奈川県横須賀市池上１丁目,3
神奈川県横須賀市池上５丁目,3
神奈川県横須賀市池田町１丁目,3
神奈川県横須賀市池田町２丁目,3
神奈川県横須賀市池田町３丁目,3
神奈川県横須賀市池田町４丁目,3
神奈川県横須賀市池田町５丁目,3
神奈川県横須賀市池田町６丁目,3
神奈川県横須賀市長井１丁目,3
神奈川県横須賀市長井２丁目,3
神奈川県横須賀市長井４丁目,3
神奈川県横須賀市長井５丁目,3
神奈川県横須賀市長井６丁目,3
神奈川県横須賀市長浦町１丁目,3
神奈川県横須賀市長浦町２丁目,3
神奈川県横須賀市長浦町３丁目,3
神奈川県横須賀市長浦町４丁目,3
神奈川県横須賀市長浦町５丁目,3
神奈川県横須賀市長坂１丁目,3
神奈川県横須賀市長坂２丁目,3
神奈川県横須賀市長坂３丁目,3
神奈川県横須賀市長坂４丁目,3
神奈川県横須賀市長坂５丁目,3
神奈川県横須賀市長瀬１丁目,3
神奈川県横須賀市長瀬２丁目,3
神奈川県横須賀市長瀬３丁目,3
神奈川県横須賀市長沢１丁目,3
神奈川県横須賀市長沢２丁目,3
神奈川県横須賀市長沢３丁目,3
神奈川県横須賀市長沢４丁目,3
神奈川県横須賀市長沢５丁目,3
神奈川県横須賀市長沢６丁目,3
神奈川県横須賀市津久井,3
神奈川県横須賀市津久井１丁目,3
神奈川県横須賀市津久井２丁目,3
神奈川県横須賀市津久井３丁目,3
神奈川県横須賀市津久井４丁目,3
神奈川県横須賀市津久井５丁目,3
神奈川県横須賀市田浦泉町,3
神奈川県横須賀市田浦大作町,3
神奈川県横須賀市田浦町１丁目,3
神奈川県横須賀市田浦町２丁目,3
神奈川県横須賀市田浦町３丁目,3
神奈川県横須賀市田戸台,3
神奈川県横須賀市東逸見町１丁目,3
神奈川県横須賀市東逸見町２丁目,3
神奈川県横須賀市東浦賀１丁目,3
神奈川県横須賀市東浦賀２丁目,3
神奈川県横須賀市東浦賀町１丁目,3
神奈川県横須賀市東浦賀町２丁目,3
神奈川県横須賀市内川１丁目,3
神奈川県横須賀市内川２丁目,3
神奈川県横須賀市内川新田,3
神奈川県横須賀市南浦賀,3
神奈川県横須賀市二葉１丁目,3
神奈川県横須賀市二葉２丁目,3
神奈川県横須賀市日の出町１丁目,3
神奈川県横須賀市日の出町２丁目,3
神奈川県横須賀市日の出町３丁目,3
神奈川県横須賀市馬堀海岸１丁目,3
神奈川県横須賀市馬堀海岸２丁目,3
神奈川県横須賀市馬堀海岸３丁目,3
神奈川県横須賀市馬堀海岸４丁目,3
神奈川県横須賀市馬堀町１丁目,3
神奈川県横須賀市馬堀町２丁目,3
神奈川県横須賀市馬堀町３丁目,3
神奈川県横須賀市馬堀町４丁目,3
神奈川県横須賀市箱崎町,3
神奈川県横須賀市不入斗町１丁目,3
神奈川県横須賀市不入斗町２丁目,3
神奈川県横須賀市不入斗町３丁目,3
神奈川県横須賀市不入斗町４丁目,3
神奈川県横須賀市富士見町１丁目,3
神奈川県横須賀市富士見町２丁目,3
神奈川県横須賀市富士見町３丁目,3
神奈川県横須賀市武１丁目,3
神奈川県横須賀市武２丁目,3
神奈川県横須賀市武３丁目,3
神奈川県横須賀市武４丁目,3
神奈川県横須賀市武５丁目,3
神奈川県横須賀市平作１丁目,3
神奈川県横須賀市平成町１丁目,3
神奈川県横須賀市平成町２丁目,3
神奈川県横須賀市平成町３丁目,3
神奈川県横須賀市米が浜通１丁目,3
神奈川県横須賀市米が浜通２丁目,3
神奈川県横須賀市本町１丁目,3
神奈川県横須賀市本町３丁目,3
神奈川県横須賀市野比１丁目,3
神奈川県横須賀市野比２丁目,3
神奈川県横須賀市野比３丁目,3
神奈川県横須賀市野比４丁目,3
神奈川県横須賀市野比５丁目,3
神奈川県横須賀市緑が丘,3
神奈川県横須賀市林１丁目,3
神奈川県横須賀市林２丁目,3
神奈川県横須賀市林３丁目,3
神奈川県横須賀市林４丁目,3
神奈川県横須賀市林５丁目,3
神奈川県横浜市磯子区洋光台５丁目,3
神奈川県横浜市栄区長沼町,3
神奈川県横浜市栄区本郷台３丁目,3
神奈川県横浜市栄区本郷台４丁目,3
神奈川県横浜市栄区本郷台５丁目,3
神奈川県横浜市戸塚区下倉田町,3
神奈川県横浜市戸塚区吉田町,3
神奈川県横浜市戸塚区秋葉町,3
神奈川県横浜市戸塚区上倉田町,3
神奈川県横浜市戸塚区上柏尾町,3
神奈川県横浜市戸塚区上品濃,3
神奈川県横浜市戸塚区上矢部町,3
神奈川県横浜市戸塚区川上町,3
神奈川県横浜市戸塚区前田町,3
神奈川県横浜市戸塚区鳥が丘,3
神奈川県横浜市戸塚区南舞岡１丁目,3
神奈川県横浜市戸塚区南舞岡２丁目,3
神奈川県横浜市戸塚区南舞岡３丁目,3
神奈川県横浜市戸塚区南舞岡４丁目,3
神奈川県横浜市戸塚区柏尾町,3
神奈川県横浜市戸塚区品濃町,3
神奈川県横浜市戸塚区舞岡町,3
神奈川県横浜市戸塚区平戸２丁目,3
神奈川県横浜市戸塚区平戸３丁目,3
神奈川県横浜市戸塚区平戸町,3
神奈川県横浜市戸塚区名瀬町,3
神奈川県横浜市戸塚区矢部町,3
神奈川県横浜市港南区下永谷３丁目,3
神奈川県横浜市港南区下永谷４丁目,3
神奈川県横浜市港南区下永谷５丁目,3
神奈川県横浜市港南区下永谷６丁目,3
神奈川県横浜市港南区下永谷町,3
神奈川県横浜市港南区丸山台２丁目,3
神奈川県横浜市港南区丸山台３丁目,3
神奈川県横浜市港南区丸山台４丁目,3
神奈川県横浜市港南区港南３丁目,3
神奈川県横浜市港南区上永谷３丁目,3
神奈川県横浜市港南区上永谷５丁目,3
神奈川県横浜市港南区上永谷６丁目,3
神奈川県横浜市港南区日限山１丁目,3
神奈川県横浜市港南区日限山２丁目,3
神奈川県横浜市港北区下田町１丁目,3
神奈川県横浜市港北区下田町２丁目,3
神奈川県横浜市港北区下田町３丁目,3
神奈川県横浜市港北区下田町４丁目,3
神奈川県横浜市港北区菊名１丁目,3
神奈川県横浜市港北区菊名２丁目,3
神奈川県横浜市港北区菊名３丁目,3
神奈川県横浜市港北区菊名４丁目,3
神奈川県横浜市港北区菊名５丁目,3
神奈川県横浜市港北区菊名６丁目,3
神奈川県横浜市港北区菊名７丁目,3
神奈川県横浜市港北区錦が丘,3
神奈川県横浜市港北区綱島西１丁目,3
神奈川県横浜市港北区綱島西２丁目,3
神奈川県横浜市港北区綱島西３丁目,3
神奈川県横浜市港北区綱島西４丁目,3
神奈川県横浜市港北区綱島西６丁目,3
神奈川県横浜市港北区綱島台,3
神奈川県横浜市港北区綱島東１丁目,3
神奈川県横浜市港北区綱島東２丁目,3
神奈川県横浜市港北区綱島東３丁目,3
神奈川県横浜市港北区綱島東４丁目,3
神奈川県横浜市港北区綱島東５丁目,3
神奈川県横浜市港北区綱島東６丁目,3
神奈川県横浜市港北区高田町,3
神奈川県横浜市港北区高田東１丁目,3
神奈川県横浜市港北区師岡町,3
神奈川県横浜市港北区篠原西町,3
神奈川県横浜市港北区篠原町,3
神奈川県横浜市港北区篠原北１丁目,3
神奈川県横浜市港北区篠原北２丁目,3
神奈川県横浜市港北区新羽町,3
神奈川県横浜市港北区新横浜３丁目,3
神奈川県横浜市港北区新吉田東６丁目,3
神奈川県横浜市港北区太尾町,3
神奈川県横浜市港北区大曽根１丁目,3
神奈川県横浜市港北区大曽根２丁目,3
神奈川県横浜市港北区大曽根３丁目,3
神奈川県横浜市港北区大曽根台,3
神奈川県横浜市港北区大倉山１丁目,3
神奈川県横浜市港北区大倉山２丁目,3
神奈川県横浜市港北区大倉山３丁目,3
神奈川県横浜市港北区大倉山４丁目,3
神奈川県横浜市港北区大倉山５丁目,3
神奈川県横浜市港北区大倉山６丁目,3
神奈川県横浜市港北区大倉山７丁目,3
神奈川県横浜市港北区大豆戸町,3
神奈川県横浜市港北区樽町１丁目,3
神奈川県横浜市港北区樽町２丁目,3
神奈川県横浜市港北区樽町３丁目,3
神奈川県横浜市港北区樽町４丁目,3
神奈川県横浜市港北区日吉１丁目,3
神奈川県横浜市港北区日吉２丁目,3
神奈川県横浜市港北区日吉３丁目,3
神奈川県横浜市港北区日吉４丁目,3
神奈川県横浜市港北区日吉５丁目,3
神奈川県横浜市港北区日吉６丁目,3
神奈川県横浜市港北区日吉７丁目,3
神奈川県横浜市港北区日吉本町１丁目,3
神奈川県横浜市港北区日吉本町２丁目,3
神奈川県横浜市港北区日吉本町３丁目,3
神奈川県横浜市港北区日吉本町４丁目,3
神奈川県横浜市港北区富士塚２丁目,3
神奈川県横浜市港北区箕輪町１丁目,3
神奈川県横浜市港北区箕輪町２丁目,3
神奈川県横浜市港北区箕輪町３丁目,3
神奈川県横浜市神奈川区旭ケ丘,3
神奈川県横浜市神奈川区羽沢町,3
神奈川県横浜市神奈川区羽沢南１丁目,3
神奈川県横浜市神奈川区羽沢南２丁目,3
神奈川県横浜市神奈川区羽沢南３丁目,3
神奈川県横浜市神奈川区羽沢南４丁目,3
神奈川県横浜市神奈川区栗田谷,3
神奈川県横浜市神奈川区斎藤分町,3
神奈川県横浜市神奈川区三ツ沢下町,3
神奈川県横浜市神奈川区三ツ沢上町,3
神奈川県横浜市神奈川区三ツ沢西町,3
神奈川県横浜市神奈川区三ツ沢中町,3
神奈川県横浜市神奈川区三ツ沢東町,3
神奈川県横浜市神奈川区三ツ沢南町,3
神奈川県横浜市神奈川区三枚町,3
神奈川県横浜市神奈川区松ケ丘,3
神奈川県横浜市神奈川区松見町２丁目,3
神奈川県横浜市神奈川区松本町２丁目,3
神奈川県横浜市神奈川区松本町３丁目,3
神奈川県横浜市神奈川区松本町４丁目,3
神奈川県横浜市神奈川区松本町５丁目,3
神奈川県横浜市神奈川区松本町６丁目,3
神奈川県横浜市神奈川区神大寺１丁目,3
神奈川県横浜市神奈川区神大寺２丁目,3
神奈川県横浜市神奈川区神大寺３丁目,3
神奈川県横浜市神奈川区神大寺４丁目,3
神奈川県横浜市神奈川区神大寺町,3
神奈川県横浜市神奈川区菅田町,3
神奈川県横浜市神奈川区中丸,3
神奈川県横浜市神奈川区東神奈川１丁目,3
神奈川県横浜市神奈川区反町４丁目,3
神奈川県横浜市神奈川区片倉１丁目,3
神奈川県横浜市神奈川区片倉２丁目,3
神奈川県横浜市神奈川区片倉３丁目,3
神奈川県横浜市神奈川区片倉４丁目,3
神奈川県横浜市神奈川区片倉５丁目,3
神奈川県横浜市神奈川区片倉町,3
神奈川県横浜市神奈川区六角橋１丁目,3
神奈川県横浜市神奈川区六角橋２丁目,3
神奈川県横浜市神奈川区六角橋４丁目,3
神奈川県横浜市泉区桂坂,3
神奈川県横浜市泉区西が岡２丁目,3
神奈川県横浜市泉区池の谷,3
神奈川県横浜市泉区領家１丁目,3
神奈川県横浜市泉区領家２丁目,3
神奈川県横浜市泉区領家３丁目,3
神奈川県横浜市泉区領家４丁目,3
神奈川県横浜市泉区緑園１丁目,3
神奈川県横浜市泉区緑園２丁目,3
神奈川県横浜市泉区緑園３丁目,3
神奈川県横浜市泉区緑園４丁目,3
神奈川県横浜市泉区緑園５丁目,3
神奈川県横浜市泉区緑園６丁目,3
神奈川県横浜市泉区緑園７丁目,3
神奈川県横浜市中区本郷町３丁目,3
神奈川県横浜市中区立野,3
神奈川県横浜市鶴見区駒岡２丁目,3
神奈川県横浜市鶴見区駒岡５丁目,3
神奈川県横浜市鶴見区鶴見２丁目,3
神奈川県横浜市鶴見区馬場２丁目,3
神奈川県横浜市鶴見区馬場７丁目,3
神奈川県横浜市鶴見区矢向４丁目,3
神奈川県横浜市鶴見区矢向５丁目,3
神奈川県横浜市南区永田みなみ台,3
神奈川県横浜市南区永田山王台,3
神奈川県横浜市南区永田台,3
神奈川県横浜市南区永田町,3
神奈川県横浜市南区永田南１丁目,3
神奈川県横浜市南区永田南２丁目,3
神奈川県横浜市南区永田北１丁目,3
神奈川県横浜市南区永田北２丁目,3
神奈川県横浜市南区永田北３丁目,3
神奈川県横浜市南区中里４丁目,3
神奈川県横浜市南区別所２丁目,3
神奈川県横浜市南区別所３丁目,3
神奈川県横浜市南区別所７丁目,3
神奈川県横浜市南区六ツ川１丁目,3
神奈川県横浜市南区六ツ川２丁目,3
神奈川県横浜市南区六ツ川３丁目,3
神奈川県横浜市南区六ツ川４丁目,3
神奈川県横浜市保土ケ谷区岡沢町,3
神奈川県横浜市保土ケ谷区花見台,3
神奈川県横浜市保土ケ谷区霞台,3
神奈川県横浜市保土ケ谷区釜台町,3
神奈川県横浜市保土ケ谷区岩井町,3
神奈川県横浜市保土ケ谷区岩崎町,3
神奈川県横浜市保土ケ谷区境木町,3
神奈川県横浜市保土ケ谷区境木本町,3
神奈川県横浜市保土ケ谷区権太坂１丁目,3
神奈川県横浜市保土ケ谷区権太坂２丁目,3
神奈川県横浜市保土ケ谷区権太坂３丁目,3
神奈川県横浜市保土ケ谷区坂本町,3
神奈川県横浜市保土ケ谷区桜ケ丘１丁目,3
神奈川県横浜市保土ケ谷区桜ケ丘２丁目,3
神奈川県横浜市保土ケ谷区初音ケ丘,3
神奈川県横浜市保土ケ谷区上菅田町,3
神奈川県横浜市保土ケ谷区上星川１丁目,3
神奈川県横浜市保土ケ谷区上星川２丁目,3
神奈川県横浜市保土ケ谷区上星川町,3
神奈川県横浜市保土ケ谷区常盤台,3
神奈川県横浜市保土ケ谷区新桜ケ丘１丁目,3
神奈川県横浜市保土ケ谷区新桜ケ丘２丁目,3
神奈川県横浜市保土ケ谷区瀬戸ケ谷町,3
神奈川県横浜市保土ケ谷区星川２丁目,3
神奈川県横浜市保土ケ谷区西谷町,3
神奈川県横浜市保土ケ谷区東川島町,3
神奈川県横浜市保土ケ谷区藤塚町,3
神奈川県横浜市保土ケ谷区仏向西,3
神奈川県横浜市保土ケ谷区仏向町,3
神奈川県横浜市保土ケ谷区保土ケ谷町１丁目,3
神奈川県横浜市保土ケ谷区保土ケ谷町２丁目,3
神奈川県横浜市保土ケ谷区保土ケ谷町３丁目,3
神奈川県横浜市保土ケ谷区峰岡町２丁目,3
神奈川県横浜市保土ケ谷区峰岡町３丁目,3
神奈川県横浜市保土ケ谷区峰沢町,3
神奈川県横浜市保土ケ谷区法泉１丁目,3
神奈川県横浜市保土ケ谷区法泉２丁目,3
神奈川県横浜市保土ケ谷区法泉３丁目,3
神奈川県横浜市保土ケ谷区和田２丁目,3
神奈川県三浦郡葉山町一色,3
神奈川県三浦郡葉山町下山口,3
神奈川県三浦郡葉山町長柄,3
神奈川県三浦市栄町,3
神奈川県三浦市海外町,3
神奈川県三浦市宮川町,3
神奈川県三浦市原町,3
神奈川県三浦市向ケ崎町,3
神奈川県三浦市三崎１丁目,3
神奈川県三浦市三崎２丁目,3
神奈川県三浦市三崎３丁目,3
神奈川県三浦市三崎４丁目,3
神奈川県三浦市三崎５丁目,3
神奈川県三浦市三崎町諸磯,3
神奈川県三浦市三崎町小網代,3
神奈川県三浦市三崎町城ケ島,3
神奈川県三浦市三崎町六合,3
神奈川県三浦市初声町下宮田,3
神奈川県三浦市初声町高円坊,3
神奈川県三浦市初声町三戸,3
神奈川県三浦市初声町入江,3
神奈川県三浦市初声町和田,3
神奈川県三浦市城山町,3
神奈川県三浦市諏訪町,3
神奈川県三浦市晴海町,3
神奈川県三浦市天神町,3
神奈川県三浦市東岡町,3
神奈川県三浦市南下浦町菊名,3
神奈川県三浦市南下浦町金田,3
神奈川県三浦市南下浦町松輪,3
神奈川県三浦市南下浦町上宮田,3
神奈川県三浦市南下浦町毘沙門,3
神奈川県三浦市白石町,3
神奈川県三浦市尾上町,3
神奈川県三浦市岬陽町,3
神奈川県小田原市井細田,3
神奈川県小田原市栄町１丁目,3
神奈川県小田原市栄町２丁目,3
神奈川県小田原市栄町３丁目,3
神奈川県小田原市栄町４丁目,3
神奈川県小田原市永塚,3
神奈川県小田原市延清,3
神奈川県小田原市荻窪,3
神奈川県小田原市下新田,3
神奈川県小田原市下大井,3
神奈川県小田原市下堀,3
神奈川県小田原市鴨宮,3
神奈川県小田原市栢山,3
神奈川県小田原市鬼柳,3
神奈川県小田原市久野,3
神奈川県小田原市桑原,3
神奈川県小田原市穴部,3
神奈川県小田原市穴部新田,3
神奈川県小田原市江之浦,3
神奈川県小田原市高田,3
神奈川県小田原市国府津,3
神奈川県小田原市国府津１丁目,3
神奈川県小田原市国府津２丁目,3
神奈川県小田原市国府津３丁目,3
神奈川県小田原市国府津４丁目,3
神奈川県小田原市国府津５丁目,3
神奈川県小田原市酒匂,3
神奈川県小田原市酒匂１丁目,3
神奈川県小田原市酒匂２丁目,3
神奈川県小田原市酒匂３丁目,3
神奈川県小田原市酒匂４丁目,3
神奈川県小田原市酒匂５丁目,3
神奈川県小田原市酒匂６丁目,3
神奈川県小田原市酒匂７丁目,3
神奈川県小田原市寿町１丁目,3
神奈川県小田原市寿町２丁目,3
神奈川県小田原市寿町３丁目,3
神奈川県小田原市寿町４丁目,3
神奈川県小田原市寿町５丁目,3
神奈川県小田原市小台,3
神奈川県小田原市小八幡,3
神奈川県小田原市小八幡１丁目,3
神奈川県小田原市小八幡２丁目,3
神奈川県小田原市小八幡３丁目,3
神奈川県小田原市小八幡４丁目,3
神奈川県小田原市上新田,3
神奈川県小田原市城山１丁目,3
神奈川県小田原市城山２丁目,3
神奈川県小田原市城山３丁目,3
神奈川県小田原市城山４丁目,3
神奈川県小田原市新屋,3
神奈川県小田原市水之尾,3
神奈川県小田原市成田,3
神奈川県小田原市清水新田,3
神奈川県小田原市西酒匂１丁目,3
神奈川県小田原市西酒匂２丁目,3
神奈川県小田原市西酒匂３丁目,3
神奈川県小田原市西大友,3
神奈川県小田原市千代,3
神奈川県小田原市扇町１丁目,3
神奈川県小田原市扇町２丁目,3
神奈川県小田原市扇町３丁目,3
神奈川県小田原市扇町４丁目,3
神奈川県小田原市扇町５丁目,3
神奈川県小田原市扇町６丁目,3
神奈川県小田原市前川,3
神奈川県小田原市曽我岸,3
神奈川県小田原市曽我原,3
神奈川県小田原市曽我光海,3
神奈川県小田原市曽我別所,3
神奈川県小田原市多古,3
神奈川県小田原市谷津,3
神奈川県小田原市池上,3
神奈川県小田原市中新田,3
神奈川県小田原市中曽根,3
神奈川県小田原市中町１丁目,3
神奈川県小田原市中町２丁目,3
神奈川県小田原市中町３丁目,3
神奈川県小田原市中里,3
神奈川県小田原市田島,3
神奈川県小田原市東大友,3
神奈川県小田原市東町１丁目,3
神奈川県小田原市東町２丁目,3
神奈川県小田原市東町３丁目,3
神奈川県小田原市東町４丁目,3
神奈川県小田原市東町５丁目,3
神奈川県小田原市南鴨宮１丁目,3
神奈川県小田原市南鴨宮２丁目,3
神奈川県小田原市南鴨宮３丁目,3
神奈川県小田原市飯泉,3
神奈川県小田原市飯田岡,3
神奈川県小田原市浜町１丁目,3
神奈川県小田原市浜町２丁目,3
神奈川県小田原市浜町３丁目,3
神奈川県小田原市浜町４丁目,3
神奈川県小田原市府川,3
神奈川県小田原市別堀,3
神奈川県小田原市北ノ窪,3
神奈川県小田原市堀之内,3
神奈川県小田原市本町２丁目,3
神奈川県小田原市矢作,3
神奈川県小田原市緑４丁目,3
神奈川県小田原市蓮正寺,3
神奈川県秦野市横野,3
神奈川県秦野市曲松１丁目,3
神奈川県秦野市曲松２丁目,3
神奈川県秦野市戸川,3
神奈川県秦野市今川町,3
神奈川県秦野市三屋,3
神奈川県秦野市三廻部,3
神奈川県秦野市若松町,3
神奈川県秦野市渋沢,3
神奈川県秦野市渋沢１丁目,3
神奈川県秦野市渋沢２丁目,3
神奈川県秦野市渋沢３丁目,3
神奈川県秦野市渋沢上１丁目,3
神奈川県秦野市渋沢上２丁目,3
神奈川県秦野市春日町,3
神奈川県秦野市松原町,3
神奈川県秦野市沼代新町,3
神奈川県秦野市菖蒲,3
神奈川県秦野市上今川町,3
神奈川県秦野市清水町,3
神奈川県秦野市千村,3
神奈川県秦野市千村１丁目,3
神奈川県秦野市千村２丁目,3
神奈川県秦野市千村３丁目,3
神奈川県秦野市千村４丁目,3
神奈川県秦野市千村５丁目,3
神奈川県秦野市栃窪,3
神奈川県秦野市萩が丘,3
神奈川県秦野市八沢,3
神奈川県秦野市並木町,3
神奈川県秦野市菩提,3
神奈川県秦野市堀山下,3
神奈川県秦野市堀西,3
神奈川県秦野市堀川,3
神奈川県秦野市本町３丁目,3
神奈川県秦野市弥生町,3
神奈川県秦野市柳川,3
神奈川県秦野市柳町１丁目,3
神奈川県秦野市柳町２丁目,3
神奈川県秦野市緑町,3
神奈川県秦野市鈴張町,3
神奈川県逗子市久木,3
神奈川県逗子市久木１丁目,3
神奈川県逗子市久木２丁目,3
神奈川県逗子市久木３丁目,3
神奈川県逗子市久木６丁目,3
神奈川県逗子市久木７丁目,3
神奈川県逗子市久木８丁目,3
神奈川県逗子市久木９丁目,3
神奈川県逗子市桜山１丁目,3
神奈川県逗子市桜山２丁目,3
神奈川県逗子市桜山３丁目,3
神奈川県逗子市桜山４丁目,3
神奈川県逗子市桜山５丁目,3
神奈川県逗子市桜山６丁目,3
神奈川県逗子市桜山８丁目,3
神奈川県逗子市桜山９丁目,3
神奈川県逗子市山の根２丁目,3
神奈川県逗子市山の根３丁目,3
神奈川県逗子市沼間１丁目,3
神奈川県逗子市沼間３丁目,3
神奈川県逗子市沼間４丁目,3
神奈川県逗子市沼間５丁目,3
神奈川県逗子市沼間６丁目,3
神奈川県逗子市逗子１丁目,3
神奈川県逗子市逗子２丁目,3
神奈川県逗子市逗子３丁目,3
神奈川県逗子市逗子４丁目,3
神奈川県逗子市池子,3
神奈川県逗子市池子１丁目,3
神奈川県川崎市幸区下平間,3
神奈川県川崎市幸区古市場,3
神奈川県川崎市幸区古市場１丁目,3
神奈川県川崎市幸区古市場２丁目,3
神奈川県川崎市幸区古川町,3
神奈川県川崎市幸区鹿島田,3
神奈川県川崎市幸区小向西町４丁目,3
神奈川県川崎市幸区小倉,3
神奈川県川崎市幸区新塚越,3
神奈川県川崎市幸区塚越１丁目,3
神奈川県川崎市幸区塚越２丁目,3
神奈川県川崎市幸区塚越３丁目,3
神奈川県川崎市幸区東古市場,3
神奈川県川崎市幸区東小倉,3
神奈川県川崎市幸区南加瀬１丁目,3
神奈川県川崎市川崎区小田栄１丁目,3
神奈川県川崎市川崎区東扇島,3
神奈川県川崎市川崎区堀之内町,3
神奈川県川崎市中原区井田１丁目,3
神奈川県川崎市中原区井田２丁目,3
神奈川県川崎市中原区井田３丁目,3
神奈川県川崎市中原区井田中ノ町,3
神奈川県川崎市中原区下沼部,3
神奈川県川崎市中原区丸子通１丁目,3
神奈川県川崎市中原区市ノ坪,3
神奈川県川崎市中原区上丸子山王町２丁目,3
神奈川県川崎市中原区上平間,3
神奈川県川崎市中原区中丸子,3
神奈川県川崎市中原区田尻町,3
神奈川県川崎市中原区北谷町,3
神奈川県川崎市中原区木月,3
神奈川県川崎市中原区木月１丁目,3
神奈川県川崎市中原区木月３丁目,3
神奈川県川崎市中原区木月４丁目,3
神奈川県足柄下郡真鶴町岩,3
神奈川県足柄下郡真鶴町真鶴,3
神奈川県足柄下郡湯河原町吉浜,3
神奈川県足柄下郡湯河原町宮下,3
神奈川県足柄下郡湯河原町宮上,3
神奈川県足柄下郡湯河原町城堀,3
神奈川県足柄下郡湯河原町鍛冶屋,3
神奈川県足柄下郡湯河原町中央１丁目,3
神奈川県足柄下郡湯河原町中央２丁目,3
神奈川県足柄下郡湯河原町中央３丁目,3
神奈川県足柄下郡湯河原町中央４丁目,3
神奈川県足柄下郡湯河原町中央５丁目,3
神奈川県足柄下郡湯河原町土肥１丁目,3
神奈川県足柄下郡湯河原町土肥２丁目,3
神奈川県足柄下郡湯河原町土肥３丁目,3
神奈川県足柄下郡湯河原町土肥４丁目,3
神奈川県足柄下郡湯河原町土肥５丁目,3
神奈川県足柄下郡湯河原町土肥６丁目,3
神奈川県足柄下郡湯河原町福浦,3
神奈川県足柄下郡湯河原町福浦吉浜,3
神奈川県足柄下郡湯河原町門川,3
神奈川県足柄上郡松田町寄,3
神奈川県南足柄市三竹,3
神奈川県南足柄市沼田,3
神奈川県南足柄市北窪,3
神奈川県熱海市泉,3
神奈川県熱海市泉元宮上分,3
神奈川県愛甲郡愛川町角田,4
神奈川県愛甲郡愛川町三増,4
神奈川県愛甲郡愛川町春日台１丁目,4
神奈川県愛甲郡愛川町春日台２丁目,4
神奈川県愛甲郡愛川町春日台３丁目,4
神奈川県愛甲郡愛川町春日台４丁目,4
神奈川県愛甲郡愛川町春日台５丁目,4
神奈川県愛甲郡愛川町棚沢,4
神奈川県愛甲郡愛川町田代,4
神奈川県愛甲郡愛川町八菅山,4
神奈川県愛甲郡愛川町半原,4
神奈川県伊勢原市白根,4
神奈川県伊勢原市八幡台２丁目,4
神奈川県横浜市港北区下田町６丁目,4
神奈川県横浜市鶴見区元宮１丁目,4
神奈川県横浜市鶴見区江ケ崎町,4
神奈川県横浜市鶴見区尻手１丁目,4
神奈川県横浜市鶴見区尻手２丁目,4
神奈川県横浜市鶴見区尻手３丁目,4
神奈川県横浜市鶴見区生麦３丁目,4
神奈川県横浜市鶴見区矢向１丁目,4
神奈川県横浜市鶴見区矢向２丁目,4
神奈川県横浜市鶴見区矢向３丁目,4
神奈川県横浜市鶴見区矢向６丁目,4
神奈川県厚木市まつかげ台,4
神奈川県厚木市みはる野１丁目,4
神奈川県厚木市みはる野２丁目,4
神奈川県厚木市猿ケ島,4
神奈川県厚木市下依知,4
神奈川県厚木市関口,4
神奈川県厚木市宮の里１丁目,4
神奈川県厚木市宮の里２丁目,4
神奈川県厚木市宮の里３丁目,4
神奈川県厚木市宮の里４丁目,4
神奈川県厚木市妻田北２丁目,4
神奈川県厚木市三田南１丁目,4
神奈川県厚木市三田南３丁目,4
神奈川県厚木市山際,4
神奈川県厚木市上依知,4
神奈川県厚木市棚沢,4
神奈川県厚木市中依知,4
神奈川県厚木市鳶尾１丁目,4
神奈川県厚木市鳶尾２丁目,4
神奈川県厚木市鳶尾３丁目,4
神奈川県厚木市鳶尾４丁目,4
神奈川県厚木市鳶尾５丁目,4
神奈川県小田原市根府川,4
神奈川県小田原市十字４丁目,4
神奈川県小田原市上曽我,4
神奈川県小田原市城内,4
神奈川県小田原市石橋,4
神奈川県小田原市曽我大沢,4
神奈川県小田原市曽我谷津,4
神奈川県小田原市曽比,4
神奈川県小田原市早川,4
神奈川県小田原市早川１丁目,4
神奈川県小田原市早川２丁目,4
神奈川県小田原市早川３丁目,4
神奈川県小田原市南町１丁目,4
神奈川県小田原市南町２丁目,4
神奈川県小田原市南町３丁目,4
神奈川県小田原市南町４丁目,4
神奈川県小田原市南板橋２丁目,4
神奈川県小田原市入生田,4
神奈川県小田原市板橋,4
神奈川県小田原市風祭,4
神奈川県小田原市米神,4
神奈川県小田原市本町１丁目,4
神奈川県小田原市本町３丁目,4
神奈川県小田原市本町４丁目,4
神奈川県小田原市柳新田,4
神奈川県川崎市宮前区梶ケ谷,4
神奈川県川崎市宮前区宮崎,4
神奈川県川崎市宮前区宮崎１丁目,4
神奈川県川崎市宮前区宮崎２丁目,4
神奈川県川崎市宮前区宮崎６丁目,4
神奈川県川崎市宮前区宮前平１丁目,4
神奈川県川崎市宮前区宮前平２丁目,4
神奈川県川崎市宮前区宮前平３丁目,4
神奈川県川崎市宮前区犬蔵２丁目,4
神奈川県川崎市宮前区犬蔵３丁目,4
神奈川県川崎市宮前区五所塚１丁目,4
神奈川県川崎市宮前区五所塚２丁目,4
神奈川県川崎市宮前区初山１丁目,4
神奈川県川崎市宮前区初山２丁目,4
神奈川県川崎市宮前区小台１丁目,4
神奈川県川崎市宮前区小台２丁目,4
神奈川県川崎市宮前区神木２丁目,4
神奈川県川崎市宮前区神木本町１丁目,4
神奈川県川崎市宮前区神木本町２丁目,4
神奈川県川崎市宮前区神木本町３丁目,4
神奈川県川崎市宮前区神木本町４丁目,4
神奈川県川崎市宮前区神木本町５丁目,4
神奈川県川崎市宮前区菅生１丁目,4
神奈川県川崎市宮前区潮見台,4
神奈川県川崎市宮前区東有馬１丁目,4
神奈川県川崎市宮前区東有馬２丁目,4
神奈川県川崎市宮前区東有馬３丁目,4
神奈川県川崎市宮前区東有馬４丁目,4
神奈川県川崎市宮前区東有馬５丁目,4
神奈川県川崎市宮前区馬絹,4
神奈川県川崎市宮前区平１丁目,4
神奈川県川崎市宮前区平２丁目,4
神奈川県川崎市宮前区平３丁目,4
神奈川県川崎市宮前区平５丁目,4
神奈川県川崎市宮前区平６丁目,4
神奈川県川崎市宮前区野川,4
神奈川県川崎市宮前区有馬２丁目,4
神奈川県川崎市幸区遠藤町,4
神奈川県川崎市幸区河原町,4
神奈川県川崎市幸区戸手１丁目,4
神奈川県川崎市幸区戸手２丁目,4
神奈川県川崎市幸区戸手３丁目,4
神奈川県川崎市幸区戸手４丁目,4
神奈川県川崎市幸区戸手本町１丁目,4
神奈川県川崎市幸区戸手本町２丁目,4
神奈川県川崎市幸区幸町１丁目,4
神奈川県川崎市幸区幸町２丁目,4
神奈川県川崎市幸区幸町３丁目,4
神奈川県川崎市幸区幸町４丁目,4
神奈川県川崎市幸区紺屋町,4
神奈川県川崎市幸区小向西町１丁目,4
神奈川県川崎市幸区小向西町２丁目,4
神奈川県川崎市幸区小向西町３丁目,4
神奈川県川崎市幸区小向仲野町,4
神奈川県川崎市幸区小向東芝町,4
神奈川県川崎市幸区新小倉,4
神奈川県川崎市幸区新川崎,4
神奈川県川崎市幸区神明町１丁目,4
神奈川県川崎市幸区神明町２丁目,4
神奈川県川崎市幸区大宮町,4
神奈川県川崎市幸区中幸町１丁目,4
神奈川県川崎市幸区中幸町２丁目,4
神奈川県川崎市幸区中幸町３丁目,4
神奈川県川崎市幸区中幸町４丁目,4
神奈川県川崎市幸区塚越４丁目,4
神奈川県川崎市幸区都町,4
神奈川県川崎市幸区南加瀬２丁目,4
神奈川県川崎市幸区南加瀬４丁目,4
神奈川県川崎市幸区南加瀬５丁目,4
神奈川県川崎市幸区南幸町１丁目,4
神奈川県川崎市幸区南幸町２丁目,4
神奈川県川崎市幸区南幸町３丁目,4
神奈川県川崎市幸区北加瀬１丁目,4
神奈川県川崎市幸区北加瀬２丁目,4
神奈川県川崎市幸区北加瀬３丁目,4
神奈川県川崎市幸区堀川町,4
神奈川県川崎市幸区矢上,4
神奈川県川崎市幸区柳町,4
神奈川県川崎市高津区下作延,4
神奈川県川崎市高津区下作延１丁目,4
神奈川県川崎市高津区下作延２丁目,4
神奈川県川崎市高津区下作延３丁目,4
神奈川県川崎市高津区下作延４丁目,4
神奈川県川崎市高津区下作延５丁目,4
神奈川県川崎市高津区下野毛１丁目,4
神奈川県川崎市高津区下野毛２丁目,4
神奈川県川崎市高津区下野毛３丁目,4
神奈川県川崎市高津区蟹ケ谷,4
神奈川県川崎市高津区梶ケ谷１丁目,4
神奈川県川崎市高津区梶ケ谷２丁目,4
神奈川県川崎市高津区梶ケ谷３丁目,4
神奈川県川崎市高津区梶ケ谷４丁目,4
神奈川県川崎市高津区梶ケ谷５丁目,4
神奈川県川崎市高津区梶ケ谷６丁目,4
神奈川県川崎市高津区久地,4
神奈川県川崎市高津区久地１丁目,4
神奈川県川崎市高津区久本,4
神奈川県川崎市高津区久本１丁目,4
神奈川県川崎市高津区久本２丁目,4
神奈川県川崎市高津区久本３丁目,4
神奈川県川崎市高津区久末,4
神奈川県川崎市高津区向ケ丘,4
神奈川県川崎市高津区溝口,4
神奈川県川崎市高津区溝口１丁目,4
神奈川県川崎市高津区溝口２丁目,4
神奈川県川崎市高津区溝口３丁目,4
神奈川県川崎市高津区溝口４丁目,4
神奈川県川崎市高津区溝口５丁目,4
神奈川県川崎市高津区溝口６丁目,4
神奈川県川崎市高津区坂戸,4
神奈川県川崎市高津区坂戸１丁目,4
神奈川県川崎市高津区坂戸２丁目,4
神奈川県川崎市高津区坂戸３丁目,4
神奈川県川崎市高津区子母口,4
神奈川県川崎市高津区子母口富士見台,4
神奈川県川崎市高津区上作延,4
神奈川県川崎市高津区新作,4
神奈川県川崎市高津区新作１丁目,4
神奈川県川崎市高津区新作２丁目,4
神奈川県川崎市高津区新作３丁目,4
神奈川県川崎市高津区新作４丁目,4
神奈川県川崎市高津区新作５丁目,4
神奈川県川崎市高津区新作６丁目,4
神奈川県川崎市高津区諏訪,4
神奈川県川崎市高津区諏訪１丁目,4
神奈川県川崎市高津区諏訪２丁目,4
神奈川県川崎市高津区諏訪３丁目,4
神奈川県川崎市高津区瀬田,4
神奈川県川崎市高津区千年,4
神奈川県川崎市高津区千年新町,4
神奈川県川崎市高津区二子,4
神奈川県川崎市高津区二子１丁目,4
神奈川県川崎市高津区二子２丁目,4
神奈川県川崎市高津区二子３丁目,4
神奈川県川崎市高津区二子４丁目,4
神奈川県川崎市高津区二子５丁目,4
神奈川県川崎市高津区二子６丁目,4
神奈川県川崎市高津区北見方,4
神奈川県川崎市高津区北見方１丁目,4
神奈川県川崎市高津区北見方２丁目,4
神奈川県川崎市高津区北見方３丁目,4
神奈川県川崎市高津区末長,4
神奈川県川崎市高津区明津,4
神奈川県川崎市高津区野川,4
神奈川県川崎市川崎区旭町１丁目,4
神奈川県川崎市川崎区旭町２丁目,4
神奈川県川崎市川崎区伊勢町,4
神奈川県川崎市川崎区駅前本町,4
神奈川県川崎市川崎区榎町,4
神奈川県川崎市川崎区下並木,4
神奈川県川崎市川崎区貝塚１丁目,4
神奈川県川崎市川崎区貝塚２丁目,4
神奈川県川崎市川崎区宮前町,4
神奈川県川崎市川崎区宮本町,4
神奈川県川崎市川崎区京町１丁目,4
神奈川県川崎市川崎区京町２丁目,4
神奈川県川崎市川崎区境町,4
神奈川県川崎市川崎区元木１丁目,4
神奈川県川崎市川崎区元木２丁目,4
神奈川県川崎市川崎区港町,4
神奈川県川崎市川崎区鋼管通１丁目,4
神奈川県川崎市川崎区鋼管通３丁目,4
神奈川県川崎市川崎区鋼管通４丁目,4
神奈川県川崎市川崎区砂子１丁目,4
神奈川県川崎市川崎区砂子２丁目,4
神奈川県川崎市川崎区桜本１丁目,4
神奈川県川崎市川崎区桜本２丁目,4
神奈川県川崎市川崎区小川町,4
神奈川県川崎市川崎区小田１丁目,4
神奈川県川崎市川崎区小田３丁目,4
神奈川県川崎市川崎区小田４丁目,4
神奈川県川崎市川崎区小田５丁目,4
神奈川県川崎市川崎区小田６丁目,4
神奈川県川崎市川崎区新川通,4
神奈川県川崎市川崎区浅田１丁目,4
神奈川県川崎市川崎区浅田２丁目,4
神奈川県川崎市川崎区浅田３丁目,4
神奈川県川崎市川崎区大師駅前２丁目,4
神奈川県川崎市川崎区大島１丁目,4
神奈川県川崎市川崎区大島２丁目,4
神奈川県川崎市川崎区大島３丁目,4
神奈川県川崎市川崎区大島４丁目,4
神奈川県川崎市川崎区大島５丁目,4
神奈川県川崎市川崎区大島上町,4
神奈川県川崎市川崎区池上新町１丁目,4
神奈川県川崎市川崎区池田１丁目,4
神奈川県川崎市川崎区池田２丁目,4
神奈川県川崎市川崎区中瀬１丁目,4
神奈川県川崎市川崎区中島１丁目,4
神奈川県川崎市川崎区中島３丁目,4
神奈川県川崎市川崎区追分町,4
神奈川県川崎市川崎区堤根,4
神奈川県川崎市川崎区田島町,4
神奈川県川崎市川崎区渡田１丁目,4
神奈川県川崎市川崎区渡田２丁目,4
神奈川県川崎市川崎区渡田３丁目,4
神奈川県川崎市川崎区渡田４丁目,4
神奈川県川崎市川崎区渡田向町,4
神奈川県川崎市川崎区渡田山王町,4
神奈川県川崎市川崎区渡田新町１丁目,4
神奈川県川崎市川崎区渡田新町２丁目,4
神奈川県川崎市川崎区渡田新町３丁目,4
神奈川県川崎市川崎区渡田東町,4
神奈川県川崎市川崎区東田町,4
神奈川県川崎市川崎区藤崎１丁目,4
神奈川県川崎市川崎区藤崎２丁目,4
神奈川県川崎市川崎区日進町,4
神奈川県川崎市川崎区浜町２丁目,4
神奈川県川崎市川崎区富士見１丁目,4
神奈川県川崎市川崎区富士見２丁目,4
神奈川県川崎市川崎区本町１丁目,4
神奈川県川崎市川崎区本町２丁目,4
神奈川県川崎市川崎区夜光３丁目,4
神奈川県川崎市川崎区鈴木町,4
神奈川県川崎市多摩区栗谷３丁目,4
神奈川県川崎市多摩区三田１丁目,4
神奈川県川崎市多摩区三田５丁目,4
神奈川県川崎市多摩区宿河原,4
神奈川県川崎市多摩区宿河原１丁目,4
神奈川県川崎市多摩区宿河原２丁目,4
神奈川県川崎市多摩区宿河原３丁目,4
神奈川県川崎市多摩区宿河原４丁目,4
神奈川県川崎市多摩区宿河原６丁目,4
神奈川県川崎市多摩区菅１丁目,4
神奈川県川崎市多摩区菅２丁目,4
神奈川県川崎市多摩区菅３丁目,4
神奈川県川崎市多摩区菅４丁目,4
神奈川県川崎市多摩区菅５丁目,4
神奈川県川崎市多摩区菅６丁目,4
神奈川県川崎市多摩区菅稲田堤１丁目,4
神奈川県川崎市多摩区菅稲田堤３丁目,4
神奈川県川崎市多摩区菅城下,4
神奈川県川崎市多摩区菅仙谷１丁目,4
神奈川県川崎市多摩区菅馬場１丁目,4
神奈川県川崎市多摩区菅馬場２丁目,4
神奈川県川崎市多摩区菅馬場３丁目,4
神奈川県川崎市多摩区菅北浦１丁目,4
神奈川県川崎市多摩区菅北浦２丁目,4
神奈川県川崎市多摩区菅北浦３丁目,4
神奈川県川崎市多摩区菅北浦４丁目,4
神奈川県川崎市多摩区菅北浦５丁目,4
神奈川県川崎市多摩区菅野戸呂,4
神奈川県川崎市多摩区生田１丁目,4
神奈川県川崎市多摩区生田２丁目,4
神奈川県川崎市多摩区生田３丁目,4
神奈川県川崎市多摩区生田４丁目,4
神奈川県川崎市多摩区生田５丁目,4
神奈川県川崎市多摩区生田６丁目,4
神奈川県川崎市多摩区生田７丁目,4
神奈川県川崎市多摩区生田８丁目,4
神奈川県川崎市多摩区西生田５丁目,4
神奈川県川崎市多摩区中野島,4
神奈川県川崎市多摩区中野島１丁目,4
神奈川県川崎市多摩区中野島２丁目,4
神奈川県川崎市多摩区中野島３丁目,4
神奈川県川崎市多摩区中野島４丁目,4
神奈川県川崎市多摩区中野島５丁目,4
神奈川県川崎市多摩区中野島６丁目,4
神奈川県川崎市多摩区長尾１丁目,4
神奈川県川崎市多摩区長尾２丁目,4
神奈川県川崎市多摩区長尾３丁目,4
神奈川県川崎市多摩区長尾４丁目,4
神奈川県川崎市多摩区長尾５丁目,4
神奈川県川崎市多摩区長尾６丁目,4
神奈川県川崎市多摩区長尾７丁目,4
神奈川県川崎市多摩区登戸,4
神奈川県川崎市多摩区登戸新町,4
神奈川県川崎市多摩区東三田１丁目,4
神奈川県川崎市多摩区東三田２丁目,4
神奈川県川崎市多摩区東三田３丁目,4
神奈川県川崎市多摩区東生田１丁目,4
神奈川県川崎市多摩区東生田２丁目,4
神奈川県川崎市多摩区東生田３丁目,4
神奈川県川崎市多摩区東生田４丁目,4
神奈川県川崎市多摩区南生田３丁目,4
神奈川県川崎市多摩区南生田６丁目,4
神奈川県川崎市多摩区布田,4
神奈川県川崎市多摩区和泉,4
神奈川県川崎市多摩区枡形１丁目,4
神奈川県川崎市多摩区枡形２丁目,4
神奈川県川崎市多摩区枡形３丁目,4
神奈川県川崎市多摩区枡形４丁目,4
神奈川県川崎市多摩区枡形５丁目,4
神奈川県川崎市多摩区枡形６丁目,4
神奈川県川崎市多摩区枡形７丁目,4
神奈川県川崎市中原区井田三舞町,4
神奈川県川崎市中原区井田杉山町,4
神奈川県川崎市中原区下小田中,4
神奈川県川崎市中原区下小田中１丁目,4
神奈川県川崎市中原区下小田中２丁目,4
神奈川県川崎市中原区下小田中３丁目,4
神奈川県川崎市中原区下小田中４丁目,4
神奈川県川崎市中原区下小田中５丁目,4
神奈川県川崎市中原区下小田中６丁目,4
神奈川県川崎市中原区下新城１丁目,4
神奈川県川崎市中原区下新城２丁目,4
神奈川県川崎市中原区下新城３丁目,4
神奈川県川崎市中原区苅宿,4
神奈川県川崎市中原区丸子通２丁目,4
神奈川県川崎市中原区宮内１丁目,4
神奈川県川崎市中原区宮内２丁目,4
神奈川県川崎市中原区宮内３丁目,4
神奈川県川崎市中原区宮内４丁目,4
神奈川県川崎市中原区今井上町,4
神奈川県川崎市中原区今井西町,4
神奈川県川崎市中原区今井仲町,4
神奈川県川崎市中原区今井南町,4
神奈川県川崎市中原区小杉,4
神奈川県川崎市中原区小杉御殿町１丁目,4
神奈川県川崎市中原区小杉御殿町２丁目,4
神奈川県川崎市中原区小杉陣屋町１丁目,4
神奈川県川崎市中原区小杉陣屋町２丁目,4
神奈川県川崎市中原区小杉町１丁目,4
神奈川県川崎市中原区小杉町２丁目,4
神奈川県川崎市中原区小杉町３丁目,4
神奈川県川崎市中原区上丸子山王町１丁目,4
神奈川県川崎市中原区上丸子天神町,4
神奈川県川崎市中原区上丸子八幡町,4
神奈川県川崎市中原区上小田中,4
神奈川県川崎市中原区上小田中１丁目,4
神奈川県川崎市中原区上小田中２丁目,4
神奈川県川崎市中原区上小田中３丁目,4
神奈川県川崎市中原区上小田中４丁目,4
神奈川県川崎市中原区上小田中５丁目,4
神奈川県川崎市中原区上小田中６丁目,4
神奈川県川崎市中原区上小田中７丁目,4
神奈川県川崎市中原区上新城１丁目,4
神奈川県川崎市中原区上新城２丁目,4
神奈川県川崎市中原区新丸子町,4
神奈川県川崎市中原区新丸子東１丁目,4
神奈川県川崎市中原区新丸子東２丁目,4
神奈川県川崎市中原区新丸子東３丁目,4
神奈川県川崎市中原区新城,4
神奈川県川崎市中原区新城１丁目,4
神奈川県川崎市中原区新城２丁目,4
神奈川県川崎市中原区新城３丁目,4
神奈川県川崎市中原区新城４丁目,4
神奈川県川崎市中原区新城５丁目,4
神奈川県川崎市中原区新城中町,4
神奈川県川崎市中原区西加瀬,4
神奈川県川崎市中原区大倉町,4
神奈川県川崎市中原区等々力,4
神奈川県川崎市中原区木月２丁目,4
神奈川県川崎市中原区木月伊勢町,4
神奈川県川崎市中原区木月祇園町,4
神奈川県川崎市中原区木月住吉町,4
神奈川県川崎市中原区木月大町,4
神奈川県川崎市麻生区岡上,4
神奈川県川崎市麻生区下麻生３丁目,4
神奈川県川崎市麻生区栗平１丁目,4
神奈川県川崎市麻生区栗木台４丁目,4
神奈川県川崎市麻生区向原２丁目,4
神奈川県川崎市麻生区東百合丘１丁目,4
神奈川県川崎市麻生区片平,4
神奈川県川崎市麻生区片平３丁目,4
神奈川県川崎市麻生区片平７丁目,4
神奈川県相模原市磯部,4
神奈川県相模原市鵜野森,4
神奈川県相模原市下溝,4
神奈川県相模原市古淵,4
神奈川県相模原市御園１丁目,4
神奈川県相模原市新磯野４丁目,4
神奈川県相模原市千代田２丁目,4
神奈川県相模原市相模原６丁目,4
神奈川県相模原市相模台１丁目,4
神奈川県相模原市相模大野７丁目,4
神奈川県相模原市大沼,4
神奈川県相模原市大野台４丁目,4
神奈川県相模原市中央区横山６丁目,4
神奈川県相模原市中央区共和２丁目,4
神奈川県相模原市中央区共和３丁目,4
神奈川県相模原市中央区共和４丁目,4
神奈川県相模原市中央区光が丘１丁目,4
神奈川県相模原市中央区光が丘２丁目,4
神奈川県相模原市中央区光が丘３丁目,4
神奈川県相模原市中央区高根１丁目,4
神奈川県相模原市中央区高根２丁目,4
神奈川県相模原市中央区高根３丁目,4
神奈川県相模原市中央区鹿沼台１丁目,4
神奈川県相模原市中央区鹿沼台２丁目,4
神奈川県相模原市中央区松が丘１丁目,4
神奈川県相模原市中央区松が丘２丁目,4
神奈川県相模原市中央区上矢部２丁目,4
神奈川県相模原市中央区上矢部４丁目,4
神奈川県相模原市中央区上矢部５丁目,4
神奈川県相模原市中央区星が丘１丁目,4
神奈川県相模原市中央区星が丘２丁目,4
神奈川県相模原市中央区星が丘３丁目,4
神奈川県相模原市中央区星が丘４丁目,4
神奈川県相模原市中央区青葉１丁目,4
神奈川県相模原市中央区青葉２丁目,4
神奈川県相模原市中央区青葉３丁目,4
神奈川県相模原市中央区千代田１丁目,4
神奈川県相模原市中央区千代田２丁目,4
神奈川県相模原市中央区千代田３丁目,4
神奈川県相模原市中央区千代田４丁目,4
神奈川県相模原市中央区千代田５丁目,4
神奈川県相模原市中央区千代田６丁目,4
神奈川県相模原市中央区千代田７丁目,4
神奈川県相模原市中央区相生１丁目,4
神奈川県相模原市中央区相生２丁目,4
神奈川県相模原市中央区相生３丁目,4
神奈川県相模原市中央区相生４丁目,4
神奈川県相模原市中央区大野台３丁目,4
神奈川県相模原市中央区中央３丁目,4
神奈川県相模原市中央区田名塩田２丁目,4
神奈川県相模原市中央区田名塩田４丁目,4
神奈川県相模原市中央区東淵野辺１丁目,4
神奈川県相模原市中央区東淵野辺４丁目,4
神奈川県相模原市中央区東淵野辺５丁目,4
神奈川県相模原市中央区富士見１丁目,4
神奈川県相模原市中央区富士見２丁目,4
神奈川県相模原市中央区富士見３丁目,4
神奈川県相模原市中央区富士見４丁目,4
神奈川県相模原市中央区富士見５丁目,4
神奈川県相模原市中央区富士見６丁目,4
神奈川県相模原市中央区淵野辺１丁目,4
神奈川県相模原市中央区淵野辺２丁目,4
神奈川県相模原市中央区淵野辺３丁目,4
神奈川県相模原市中央区淵野辺４丁目,4
神奈川県相模原市中央区淵野辺５丁目,4
神奈川県相模原市中央区淵野辺本町１丁目,4
神奈川県相模原市中央区淵野辺本町２丁目,4
神奈川県相模原市中央区淵野辺本町３丁目,4
神奈川県相模原市中央区淵野辺本町４丁目,4
神奈川県相模原市中央区淵野辺本町５丁目,4
神奈川県相模原市中央区並木１丁目,4
神奈川県相模原市中央区並木２丁目,4
神奈川県相模原市中央区並木３丁目,4
神奈川県相模原市中央区並木４丁目,4
神奈川県相模原市中央区弥栄１丁目,4
神奈川県相模原市中央区弥栄２丁目,4
神奈川県相模原市中央区弥栄３丁目,4
神奈川県相模原市中央区矢部２丁目,4
神奈川県相模原市中央区矢部４丁目,4
神奈川県相模原市中央区矢部新町,4
神奈川県相模原市中央区矢部新田,4
神奈川県相模原市中央区由野台１丁目,4
神奈川県相模原市中央区由野台２丁目,4
神奈川県相模原市中央区由野台３丁目,4
神奈川県相模原市中央区陽光台１丁目,4
神奈川県相模原市中央区陽光台２丁目,4
神奈川県相模原市中央区陽光台３丁目,4
神奈川県相模原市中央区陽光台４丁目,4
神奈川県相模原市中央区陽光台５丁目,4
神奈川県相模原市中央区陽光台６丁目,4
神奈川県相模原市中央区陽光台７丁目,4
神奈川県相模原市中央区緑が丘１丁目,4
神奈川県相模原市中央区緑が丘２丁目,4
神奈川県相模原市田名塩田４丁目,4
神奈川県相模原市東大沼４丁目,4
神奈川県相模原市南区旭町,4
神奈川県相模原市南区磯部,4
神奈川県相模原市南区鵜野森１丁目,4
神奈川県相模原市南区鵜野森２丁目,4
神奈川県相模原市南区鵜野森３丁目,4
神奈川県相模原市南区栄町,4
神奈川県相模原市南区下溝,4
神奈川県相模原市南区古淵２丁目,4
神奈川県相模原市南区古淵３丁目,4
神奈川県相模原市南区古淵５丁目,4
神奈川県相模原市南区古淵６丁目,4
神奈川県相模原市南区御園１丁目,4
神奈川県相模原市南区御園２丁目,4
神奈川県相模原市南区御園３丁目,4
神奈川県相模原市南区御園４丁目,4
神奈川県相模原市南区御園５丁目,4
神奈川県相模原市南区桜台,4
神奈川県相模原市南区若松１丁目,4
神奈川県相模原市南区若松２丁目,4
神奈川県相模原市南区若松３丁目,4
神奈川県相模原市南区若松４丁目,4
神奈川県相模原市南区若松５丁目,4
神奈川県相模原市南区若松６丁目,4
神奈川県相模原市南区上鶴間１丁目,4
神奈川県相模原市南区上鶴間６丁目,4
神奈川県相模原市南区上鶴間本町１丁目,4
神奈川県相模原市南区上鶴間本町２丁目,4
神奈川県相模原市南区上鶴間本町５丁目,4
神奈川県相模原市南区上鶴間本町６丁目,4
神奈川県相模原市南区上鶴間本町７丁目,4
神奈川県相模原市南区新磯野,4
神奈川県相模原市南区新磯野１丁目,4
神奈川県相模原市南区新磯野２丁目,4
神奈川県相模原市南区新磯野３丁目,4
神奈川県相模原市南区新磯野４丁目,4
神奈川県相模原市南区新磯野５丁目,4
神奈川県相模原市南区新戸,4
神奈川県相模原市南区西大沼１丁目,4
神奈川県相模原市南区西大沼２丁目,4
神奈川県相模原市南区西大沼３丁目,4
神奈川県相模原市南区西大沼５丁目,4
神奈川県相模原市南区双葉１丁目,4
神奈川県相模原市南区双葉２丁目,4
神奈川県相模原市南区相武台２丁目,4
神奈川県相模原市南区相武台団地１丁目,4
神奈川県相模原市南区相武台団地２丁目,4
神奈川県相模原市南区相模台１丁目,4
神奈川県相模原市南区相模台４丁目,4
神奈川県相模原市南区相模台５丁目,4
神奈川県相模原市南区相模台６丁目,4
神奈川県相模原市南区相模台７丁目,4
神奈川県相模原市南区相模台団地,4
神奈川県相模原市南区相模大野２丁目,4
神奈川県相模原市南区相模大野３丁目,4
神奈川県相模原市南区相模大野４丁目,4
神奈川県相模原市南区相模大野５丁目,4
神奈川県相模原市南区相模大野６丁目,4
神奈川県相模原市南区相模大野７丁目,4
神奈川県相模原市南区相模大野８丁目,4
神奈川県相模原市南区大野台１丁目,4
神奈川県相模原市南区大野台２丁目,4
神奈川県相模原市南区大野台４丁目,4
神奈川県相模原市南区大野台５丁目,4
神奈川県相模原市南区大野台６丁目,4
神奈川県相模原市南区大野台７丁目,4
神奈川県相模原市南区大野台８丁目,4
神奈川県相模原市南区東大沼１丁目,4
神奈川県相模原市南区東大沼２丁目,4
神奈川県相模原市南区東大沼３丁目,4
神奈川県相模原市南区東大沼４丁目,4
神奈川県相模原市南区東林間１丁目,4
神奈川県相模原市南区東林間２丁目,4
神奈川県相模原市南区東林間４丁目,4
神奈川県相模原市南区南台１丁目,4
神奈川県相模原市南区南台２丁目,4
神奈川県相模原市南区南台３丁目,4
神奈川県相模原市南区南台４丁目,4
神奈川県相模原市南区南台５丁目,4
神奈川県相模原市南区南台６丁目,4
神奈川県相模原市南区文京１丁目,4
神奈川県相模原市南区文京２丁目,4
神奈川県相模原市南区豊町,4
神奈川県相模原市南区北里１丁目,4
神奈川県相模原市南区北里２丁目,4
神奈川県相模原市南区麻溝台,4
神奈川県相模原市南区麻溝台１丁目,4
神奈川県相模原市南区麻溝台２丁目,4
神奈川県相模原市南区麻溝台３丁目,4
神奈川県相模原市南区麻溝台４丁目,4
神奈川県相模原市南区麻溝台５丁目,4
神奈川県相模原市南区麻溝台６丁目,4
神奈川県相模原市南区麻溝台７丁目,4
神奈川県相模原市南区麻溝台８丁目,4
神奈川県相模原市南台３丁目,4
神奈川県相模原市富士見２丁目,4
神奈川県相模原市淵野辺３丁目,4
神奈川県相模原市陽光台２丁目,4
神奈川県相模原市緑区青野原,4
神奈川県相模原市緑区太井,4
神奈川県足柄下郡箱根町芦之湯,4
神奈川県足柄下郡箱根町宮ノ下,4
神奈川県足柄下郡箱根町宮城野,4
神奈川県足柄下郡箱根町強羅,4
神奈川県足柄下郡箱根町元箱根,4
神奈川県足柄下郡箱根町小涌谷,4
神奈川県足柄下郡箱根町須雲川,4
神奈川県足柄下郡箱根町仙石原,4
神奈川県足柄下郡箱根町大平台,4
神奈川県足柄下郡箱根町底倉,4
神奈川県足柄下郡箱根町塔之澤,4
神奈川県足柄下郡箱根町湯本,4
神奈川県足柄下郡箱根町湯本茶屋,4
神奈川県足柄下郡箱根町二ノ平,4
神奈川県足柄下郡箱根町箱根,4
神奈川県足柄下郡箱根町畑宿,4
神奈川県足柄下郡箱根町木賀,4
神奈川県足柄上郡開成町円通寺,4
神奈川県足柄上郡開成町延沢,4
神奈川県足柄上郡開成町岡野,4
神奈川県足柄上郡開成町吉田島,4
神奈川県足柄上郡開成町宮台,4
神奈川県足柄上郡開成町牛島,4
神奈川県足柄上郡開成町金井島,4
神奈川県足柄上郡開成町中之名,4
神奈川県足柄上郡山北町皆瀬川,4
神奈川県足柄上郡山北町岸,4
神奈川県足柄上郡山北町玄倉,4
神奈川県足柄上郡山北町向原,4
神奈川県足柄上郡山北町山市場,4
神奈川県足柄上郡山北町山北,4
神奈川県足柄上郡山北町神縄,4
神奈川県足柄上郡山北町神尾田,4
神奈川県足柄上郡山北町世附,4
神奈川県足柄上郡山北町川西,4
神奈川県足柄上郡山北町谷ケ,4
神奈川県足柄上郡山北町中川,4
神奈川県足柄上郡山北町都夫良野,4
神奈川県足柄上郡山北町湯触,4
神奈川県足柄上郡山北町平山,4
神奈川県足柄上郡松田町松田庶子,4
神奈川県足柄上郡松田町松田惣領,4
神奈川県足柄上郡松田町神山,4
神奈川県足柄上郡大井町金子,4
神奈川県足柄上郡大井町金手,4
神奈川県足柄上郡大井町高尾,4
神奈川県足柄上郡大井町山田,4
神奈川県足柄上郡大井町篠窪,4
神奈川県足柄上郡大井町上大井,4
神奈川県足柄上郡大井町西大井,4
神奈川県足柄上郡大井町赤田,4
神奈川県足柄上郡大井町柳,4
神奈川県町田市森野５丁目,4
神奈川県南足柄市雨坪,4
神奈川県南足柄市苅野,4
神奈川県南足柄市関本,4
神奈川県南足柄市岩原,4
神奈川県南足柄市駒形新宿,4
神奈川県南足柄市向田,4
神奈川県南足柄市広町,4
神奈川県南足柄市弘西寺,4
神奈川県南足柄市狩野,4
神奈川県南足柄市小市,4
神奈川県南足柄市生駒,4
神奈川県南足柄市千津島,4
神奈川県南足柄市大雄町,4
神奈川県南足柄市竹松,4
神奈川県南足柄市中沼,4
神奈川県南足柄市塚原,4
神奈川県南足柄市怒田,4
神奈川県南足柄市内山,4
神奈川県南足柄市班目,4
神奈川県南足柄市飯沢,4
神奈川県南足柄市福泉,4
神奈川県南足柄市矢倉沢,4
神奈川県南足柄市和田河原,4
神奈川県南足柄市壗下,4
神奈川県愛甲郡清川村宮ケ瀬,5
神奈川県伊勢原市粟窪,5
神奈川県伊勢原市伊勢原１丁目,5
神奈川県伊勢原市伊勢原２丁目,5
神奈川県伊勢原市伊勢原４丁目,5
神奈川県伊勢原市笠窪,5
神奈川県伊勢原市串橋,5
神奈川県伊勢原市高森１丁目,5
神奈川県伊勢原市高森３丁目,5
神奈川県伊勢原市高森４丁目,5
神奈川県伊勢原市高森５丁目,5
神奈川県伊勢原市高森６丁目,5
神奈川県伊勢原市高森７丁目,5
神奈川県伊勢原市高森台１丁目,5
神奈川県伊勢原市高森台２丁目,5
神奈川県伊勢原市高森台３丁目,5
神奈川県伊勢原市桜台１丁目,5
神奈川県伊勢原市桜台３丁目,5
神奈川県伊勢原市桜台４丁目,5
神奈川県伊勢原市桜台５丁目,5
神奈川県伊勢原市三ノ宮,5
神奈川県伊勢原市子易,5
神奈川県伊勢原市沼目２丁目,5
神奈川県伊勢原市沼目５丁目,5
神奈川県伊勢原市上粕屋,5
神奈川県伊勢原市神戸,5
神奈川県伊勢原市西富岡,5
神奈川県伊勢原市善波,5
神奈川県伊勢原市大山,5
神奈川県伊勢原市大住台１丁目,5
神奈川県伊勢原市大住台２丁目,5
神奈川県伊勢原市大住台３丁目,5
神奈川県伊勢原市坪ノ内,5
神奈川県伊勢原市田中,5
神奈川県伊勢原市東大竹,5
神奈川県伊勢原市東大竹１丁目,5
神奈川県伊勢原市東大竹２丁目,5
神奈川県伊勢原市東富岡,5
神奈川県伊勢原市日向,5
神奈川県伊勢原市八幡台１丁目,5
神奈川県伊勢原市板戸,5
神奈川県伊勢原市鈴川,5
神奈川県横浜市磯子区岡村１丁目,5
神奈川県横浜市磯子区岡村２丁目,5
神奈川県横浜市磯子区岡村３丁目,5
神奈川県横浜市磯子区岡村４丁目,5
神奈川県横浜市磯子区岡村５丁目,5
神奈川県横浜市磯子区岡村６丁目,5
神奈川県横浜市磯子区丸山１丁目,5
神奈川県横浜市磯子区滝頭１丁目,5
神奈川県横浜市磯子区滝頭２丁目,5
神奈川県横浜市栄区笠間１丁目,5
神奈川県横浜市栄区笠間２丁目,5
神奈川県横浜市栄区笠間３丁目,5
神奈川県横浜市栄区笠間４丁目,5
神奈川県横浜市栄区笠間５丁目,5
神奈川県横浜市栄区笠間町,5
神奈川県横浜市栄区金井町,5
神奈川県横浜市栄区長尾台町,5
神奈川県横浜市栄区田谷町,5
神奈川県横浜市栄区本郷台２丁目,5
神奈川県横浜市戸塚区汲沢２丁目,5
神奈川県横浜市港南区下永谷１丁目,5
神奈川県横浜市港南区下永谷２丁目,5
神奈川県横浜市港南区丸山台１丁目,5
神奈川県横浜市港南区芹が谷１丁目,5
神奈川県横浜市港南区芹が谷２丁目,5
神奈川県横浜市港南区芹が谷３丁目,5
神奈川県横浜市港南区芹が谷４丁目,5
神奈川県横浜市港南区芹が谷５丁目,5
神奈川県横浜市港南区港南１丁目,5
神奈川県横浜市港南区港南２丁目,5
神奈川県横浜市港南区最戸１丁目,5
神奈川県横浜市港南区最戸２丁目,5
神奈川県横浜市港南区上永谷１丁目,5
神奈川県横浜市港南区上永谷２丁目,5
神奈川県横浜市港南区上永谷４丁目,5
神奈川県横浜市港南区上大岡西１丁目,5
神奈川県横浜市港南区上大岡西２丁目,5
神奈川県横浜市港南区上大岡西３丁目,5
神奈川県横浜市港南区上大岡東１丁目,5
神奈川県横浜市港南区大久保１丁目,5
神奈川県横浜市港南区大久保２丁目,5
神奈川県横浜市港南区大久保３丁目,5
神奈川県横浜市港南区東永谷１丁目,5
神奈川県横浜市港南区東永谷２丁目,5
神奈川県横浜市港南区東永谷３丁目,5
神奈川県横浜市港南区東芹が谷,5
神奈川県横浜市港南区日野２丁目,5
神奈川県横浜市青葉区あかね台１丁目,5
神奈川県横浜市青葉区あかね台２丁目,5
神奈川県横浜市青葉区あざみ野１丁目,5
神奈川県横浜市青葉区あざみ野２丁目,5
神奈川県横浜市青葉区あざみ野３丁目,5
神奈川県横浜市青葉区あざみ野４丁目,5
神奈川県横浜市青葉区あざみ野南１丁目,5
神奈川県横浜市青葉区あざみ野南２丁目,5
神奈川県横浜市青葉区あざみ野南３丁目,5
神奈川県横浜市青葉区あざみ野南４丁目,5
神奈川県横浜市青葉区しらとり台,5
神奈川県横浜市青葉区すすき野１丁目,5
神奈川県横浜市青葉区すすき野２丁目,5
神奈川県横浜市青葉区すすき野３丁目,5
神奈川県横浜市青葉区すみよし台,5
神奈川県横浜市青葉区たちばな台１丁目,5
神奈川県横浜市青葉区たちばな台２丁目,5
神奈川県横浜市青葉区みすずが丘,5
神奈川県横浜市青葉区みたけ台,5
神奈川県横浜市青葉区もえぎ野,5
神奈川県横浜市青葉区もみの木台,5
神奈川県横浜市青葉区荏子田３丁目,5
神奈川県横浜市青葉区荏田西１丁目,5
神奈川県横浜市青葉区荏田西２丁目,5
神奈川県横浜市青葉区荏田西３丁目,5
神奈川県横浜市青葉区荏田西４丁目,5
神奈川県横浜市青葉区荏田西５丁目,5
神奈川県横浜市青葉区荏田町,5
神奈川県横浜市青葉区荏田北１丁目,5
神奈川県横浜市青葉区荏田北２丁目,5
神奈川県横浜市青葉区荏田北３丁目,5
神奈川県横浜市青葉区榎が丘,5
神奈川県横浜市青葉区恩田町,5
神奈川県横浜市青葉区下谷本町,5
神奈川県横浜市青葉区柿の木台,5
神奈川県横浜市青葉区鴨志田町,5
神奈川県横浜市青葉区桂台１丁目,5
神奈川県横浜市青葉区桂台２丁目,5
神奈川県横浜市青葉区元石川町,5
神奈川県横浜市青葉区黒須田,5
神奈川県横浜市青葉区桜台,5
神奈川県横浜市青葉区市ケ尾町,5
神奈川県横浜市青葉区寺家町,5
神奈川県横浜市青葉区若草台,5
神奈川県横浜市青葉区上谷本町,5
神奈川県横浜市青葉区新石川１丁目,5
神奈川県横浜市青葉区新石川２丁目,5
神奈川県横浜市青葉区新石川３丁目,5
神奈川県横浜市青葉区新石川４丁目,5
神奈川県横浜市青葉区成合町,5
神奈川県横浜市青葉区青葉台２丁目,5
神奈川県横浜市青葉区千草台,5
神奈川県横浜市青葉区大場町,5
神奈川県横浜市青葉区鉄町,5
神奈川県横浜市青葉区田奈町,5
神奈川県横浜市青葉区藤が丘１丁目,5
神奈川県横浜市青葉区藤が丘２丁目,5
神奈川県横浜市青葉区奈良１丁目,5
神奈川県横浜市青葉区奈良２丁目,5
神奈川県横浜市青葉区奈良３丁目,5
神奈川県横浜市青葉区奈良４丁目,5
神奈川県横浜市青葉区奈良町,5
神奈川県横浜市青葉区梅が丘,5
神奈川県横浜市青葉区美しが丘１丁目,5
神奈川県横浜市青葉区美しが丘２丁目,5
神奈川県横浜市青葉区美しが丘４丁目,5
神奈川県横浜市青葉区美しが丘５丁目,5
神奈川県横浜市青葉区美しが丘西２丁目,5
神奈川県横浜市青葉区緑山,5
神奈川県横浜市都筑区荏田町,5
神奈川県横浜市都筑区荏田東２丁目,5
神奈川県横浜市都筑区荏田東３丁目,5
神奈川県横浜市都筑区荏田東４丁目,5
神奈川県横浜市都筑区荏田南１丁目,5
神奈川県横浜市都筑区荏田南２丁目,5
神奈川県横浜市都筑区荏田南３丁目,5
神奈川県横浜市都筑区荏田南４丁目,5
神奈川県横浜市都筑区荏田南５丁目,5
神奈川県横浜市都筑区荏田南町,5
神奈川県横浜市都筑区加賀原１丁目,5
神奈川県横浜市都筑区加賀原２丁目,5
神奈川県横浜市都筑区葛が谷,5
神奈川県横浜市都筑区茅ケ崎中央,5
神奈川県横浜市都筑区茅ケ崎町,5
神奈川県横浜市都筑区茅ケ崎東２丁目,5
神奈川県横浜市都筑区茅ケ崎東３丁目,5
神奈川県横浜市都筑区茅ケ崎南１丁目,5
神奈川県横浜市都筑区茅ケ崎南２丁目,5
神奈川県横浜市都筑区茅ケ崎南３丁目,5
神奈川県横浜市都筑区茅ケ崎南４丁目,5
神奈川県横浜市都筑区茅ケ崎南５丁目,5
神奈川県横浜市都筑区牛久保西４丁目,5
神奈川県横浜市都筑区牛久保町,5
神奈川県横浜市都筑区見花山,5
神奈川県横浜市都筑区高山,5
神奈川県横浜市都筑区桜並木,5
神奈川県横浜市都筑区新栄町,5
神奈川県横浜市都筑区折本町,5
神奈川県横浜市都筑区川和台,5
神奈川県横浜市都筑区川和町,5
神奈川県横浜市都筑区大丸,5
神奈川県横浜市都筑区大熊町,5
神奈川県横浜市都筑区池辺町,5
神奈川県横浜市都筑区中川１丁目,5
神奈川県横浜市都筑区中川２丁目,5
神奈川県横浜市都筑区中川３丁目,5
神奈川県横浜市都筑区中川町,5
神奈川県横浜市都筑区仲町台１丁目,5
神奈川県横浜市都筑区仲町台２丁目,5
神奈川県横浜市都筑区仲町台３丁目,5
神奈川県横浜市都筑区仲町台４丁目,5
神奈川県横浜市都筑区仲町台５丁目,5
神奈川県横浜市都筑区長坂,5
神奈川県横浜市都筑区東山田町,5
神奈川県横浜市都筑区東方町,5
神奈川県横浜市都筑区南山田町,5
神奈川県横浜市都筑区二の丸,5
神奈川県横浜市都筑区富士見が丘,5
神奈川県横浜市都筑区平台,5
神奈川県横浜市南区榎町２丁目,5
神奈川県横浜市南区共進町３丁目,5
神奈川県横浜市南区弘明寺町,5
神奈川県横浜市南区弘明寺町字山下,5
神奈川県横浜市南区蒔田町,5
神奈川県横浜市南区蒔田町字伊勢山,5
神奈川県横浜市南区蒔田町字会下,5
神奈川県横浜市南区大岡１丁目,5
神奈川県横浜市南区大岡２丁目,5
神奈川県横浜市南区大岡３丁目,5
神奈川県横浜市南区大岡５丁目,5
神奈川県横浜市南区中里１丁目,5
神奈川県横浜市南区中里２丁目,5
神奈川県横浜市南区中里３丁目,5
神奈川県横浜市南区中里町,5
神奈川県横浜市南区別所１丁目,5
神奈川県横浜市南区別所４丁目,5
神奈川県横浜市南区別所５丁目,5
神奈川県横浜市南区別所６丁目,5
神奈川県横浜市南区別所中里台,5
神奈川県横浜市緑区青砥町,5
神奈川県横浜市緑区長津田３丁目,5
神奈川県海老名市さつき町,5
神奈川県海老名市下今泉,5
神奈川県海老名市下今泉１丁目,5
神奈川県海老名市下今泉２丁目,5
神奈川県海老名市下今泉３丁目,5
神奈川県海老名市下今泉４丁目,5
神奈川県海老名市下今泉５丁目,5
神奈川県海老名市上郷３丁目,5
神奈川県海老名市上郷４丁目,5
神奈川県鎌倉市岡本,5
神奈川県鎌倉市岡本１丁目,5
神奈川県鎌倉市岡本２丁目,5
神奈川県鎌倉市岩瀬,5
神奈川県鎌倉市岩瀬１丁目,5
神奈川県鎌倉市玉縄１丁目,5
神奈川県鎌倉市玉縄２丁目,5
神奈川県鎌倉市玉縄３丁目,5
神奈川県鎌倉市玉縄４丁目,5
神奈川県鎌倉市玉縄５丁目,5
神奈川県鎌倉市高野,5
神奈川県鎌倉市今泉１丁目,5
神奈川県鎌倉市今泉２丁目,5
神奈川県鎌倉市今泉３丁目,5
神奈川県鎌倉市今泉４丁目,5
神奈川県鎌倉市今泉５丁目,5
神奈川県鎌倉市今泉台１丁目,5
神奈川県鎌倉市今泉台２丁目,5
神奈川県鎌倉市今泉台３丁目,5
神奈川県鎌倉市今泉台４丁目,5
神奈川県鎌倉市今泉台５丁目,5
神奈川県鎌倉市今泉台６丁目,5
神奈川県鎌倉市今泉台７丁目,5
神奈川県鎌倉市小袋谷,5
神奈川県鎌倉市小袋谷１丁目,5
神奈川県鎌倉市小袋谷２丁目,5
神奈川県鎌倉市城廻,5
神奈川県鎌倉市台３丁目,5
神奈川県鎌倉市大船,5
神奈川県鎌倉市大船１丁目,5
神奈川県鎌倉市大船２丁目,5
神奈川県鎌倉市大船３丁目,5
神奈川県鎌倉市大船４丁目,5
神奈川県鎌倉市大船５丁目,5
神奈川県鎌倉市大船６丁目,5
神奈川県茅ヶ崎市萩園,5
神奈川県茅ヶ崎市平太夫新田,5
神奈川県厚木市旭町２丁目,5
神奈川県厚木市旭町３丁目,5
神奈川県厚木市旭町４丁目,5
神奈川県厚木市岡津古久,5
神奈川県厚木市岡田,5
神奈川県厚木市岡田１丁目,5
神奈川県厚木市岡田２丁目,5
神奈川県厚木市岡田４丁目,5
神奈川県厚木市岡田５丁目,5
神奈川県厚木市温水西１丁目,5
神奈川県厚木市温水西２丁目,5
神奈川県厚木市幸町,5
神奈川県厚木市七沢,5
神奈川県厚木市船子,5
神奈川県厚木市長谷,5
神奈川県厚木市南町,5
神奈川県厚木市毛利台１丁目,5
神奈川県厚木市毛利台２丁目,5
神奈川県厚木市毛利台３丁目,5
神奈川県座間市四ツ谷,5
神奈川県座間市入谷２丁目,5
神奈川県上野原市上野原,5
神奈川県秦野市ひばりケ丘,5
神奈川県秦野市羽根,5
神奈川県秦野市栄町,5
神奈川県秦野市元町,5
神奈川県秦野市幸町,5
神奈川県秦野市桜町１丁目,5
神奈川県秦野市桜町２丁目,5
神奈川県秦野市寿町,5
神奈川県秦野市小蓑毛,5
神奈川県秦野市新町,5
神奈川県秦野市水神町,5
神奈川県秦野市西田原,5
神奈川県秦野市曽屋１丁目,5
神奈川県秦野市曽屋２丁目,5
神奈川県秦野市鶴巻,5
神奈川県秦野市鶴巻南１丁目,5
神奈川県秦野市鶴巻南２丁目,5
神奈川県秦野市鶴巻南３丁目,5
神奈川県秦野市鶴巻南４丁目,5
神奈川県秦野市鶴巻南５丁目,5
神奈川県秦野市鶴巻北１丁目,5
神奈川県秦野市鶴巻北２丁目,5
神奈川県秦野市鶴巻北３丁目,5
神奈川県秦野市東田原,5
神奈川県秦野市南矢名１丁目,5
神奈川県秦野市南矢名２丁目,5
神奈川県秦野市南矢名３丁目,5
神奈川県秦野市南矢名４丁目,5
神奈川県秦野市南矢名５丁目,5
神奈川県秦野市富士見町,5
神奈川県秦野市文京町,5
神奈川県秦野市北矢名,5
神奈川県秦野市本町１丁目,5
神奈川県秦野市蓑毛,5
神奈川県川崎市宮前区けやき平,5
神奈川県川崎市宮前区宮崎３丁目,5
神奈川県川崎市宮前区宮崎４丁目,5
神奈川県川崎市宮前区宮崎５丁目,5
神奈川県川崎市宮前区犬蔵１丁目,5
神奈川県川崎市宮前区向ヶ丘,5
神奈川県川崎市宮前区鷺沼３丁目,5
神奈川県川崎市宮前区鷺沼４丁目,5
神奈川県川崎市宮前区神木１丁目,5
神奈川県川崎市宮前区菅生,5
神奈川県川崎市宮前区菅生２丁目,5
神奈川県川崎市宮前区菅生５丁目,5
神奈川県川崎市宮前区菅生６丁目,5
神奈川県川崎市宮前区土橋１丁目,5
神奈川県川崎市宮前区土橋２丁目,5
神奈川県川崎市宮前区土橋３丁目,5
神奈川県川崎市宮前区土橋４丁目,5
神奈川県川崎市宮前区土橋５丁目,5
神奈川県川崎市宮前区土橋６丁目,5
神奈川県川崎市宮前区土橋７丁目,5
神奈川県川崎市宮前区南平台,5
神奈川県川崎市宮前区白幡台１丁目,5
神奈川県川崎市宮前区白幡台２丁目,5
神奈川県川崎市宮前区平,5
神奈川県川崎市宮前区平４丁目,5
神奈川県川崎市多摩区栗谷１丁目,5
神奈川県川崎市多摩区栗谷２丁目,5
神奈川県川崎市多摩区栗谷４丁目,5
神奈川県川崎市多摩区三田２丁目,5
神奈川県川崎市多摩区三田３丁目,5
神奈川県川崎市多摩区三田４丁目,5
神奈川県川崎市多摩区寺尾台１丁目,5
神奈川県川崎市多摩区寺尾台２丁目,5
神奈川県川崎市多摩区菅,5
神奈川県川崎市多摩区菅仙谷２丁目,5
神奈川県川崎市多摩区菅仙谷３丁目,5
神奈川県川崎市多摩区菅仙谷４丁目,5
神奈川県川崎市多摩区菅馬場４丁目,5
神奈川県川崎市多摩区生田,5
神奈川県川崎市多摩区西生田１丁目,5
神奈川県川崎市多摩区西生田２丁目,5
神奈川県川崎市多摩区西生田３丁目,5
神奈川県川崎市多摩区西生田４丁目,5
神奈川県川崎市多摩区長沢１丁目,5
神奈川県川崎市多摩区長沢４丁目,5
神奈川県川崎市多摩区南生田１丁目,5
神奈川県川崎市多摩区南生田２丁目,5
神奈川県川崎市多摩区南生田４丁目,5
神奈川県川崎市多摩区南生田５丁目,5
神奈川県川崎市多摩区南生田７丁目,5
神奈川県川崎市多摩区南生田８丁目,5
神奈川県川崎市麻生区王禅寺,5
神奈川県川崎市麻生区王禅寺西７丁目,5
神奈川県川崎市麻生区王禅寺東６丁目,5
神奈川県川崎市麻生区下麻生,5
神奈川県川崎市麻生区下麻生１丁目,5
神奈川県川崎市麻生区下麻生２丁目,5
神奈川県川崎市麻生区高石１丁目,5
神奈川県川崎市麻生区高石２丁目,5
神奈川県川崎市麻生区高石３丁目,5
神奈川県川崎市麻生区高石４丁目,5
神奈川県川崎市麻生区高石５丁目,5
神奈川県川崎市麻生区高石６丁目,5
神奈川県川崎市麻生区黒川,5
神奈川県川崎市麻生区細山１丁目,5
神奈川県川崎市麻生区細山２丁目,5
神奈川県川崎市麻生区細山４丁目,5
神奈川県川崎市麻生区細山５丁目,5
神奈川県川崎市麻生区細山６丁目,5
神奈川県川崎市麻生区細山７丁目,5
神奈川県川崎市麻生区細山８丁目,5
神奈川県川崎市麻生区上麻生,5
神奈川県川崎市麻生区上麻生１丁目,5
神奈川県川崎市麻生区上麻生３丁目,5
神奈川県川崎市麻生区上麻生７丁目,5
神奈川県川崎市麻生区千代ケ丘１丁目,5
神奈川県川崎市麻生区千代ケ丘２丁目,5
神奈川県川崎市麻生区千代ケ丘３丁目,5
神奈川県川崎市麻生区千代ケ丘４丁目,5
神奈川県川崎市麻生区早野,5
神奈川県川崎市麻生区多摩美１丁目,5
神奈川県川崎市麻生区多摩美２丁目,5
神奈川県川崎市麻生区東百合丘２丁目,5
神奈川県川崎市麻生区東百合丘４丁目,5
神奈川県川崎市麻生区虹ケ丘１丁目,5
神奈川県川崎市麻生区虹ケ丘２丁目,5
神奈川県川崎市麻生区虹ケ丘３丁目,5
神奈川県川崎市麻生区白鳥１丁目,5
神奈川県川崎市麻生区白鳥４丁目,5
神奈川県川崎市麻生区百合丘１丁目,5
神奈川県川崎市麻生区万福寺,5
神奈川県川崎市麻生区万福寺１丁目,5
神奈川県川崎市麻生区万福寺３丁目,5
神奈川県川崎市麻生区万福寺４丁目,5
神奈川県相模原市相模湖町寸沢嵐,5
神奈川県相模原市津久井町青野原,5
神奈川県相模原市藤野町名倉,5
神奈川県相模原市緑区吉野,5
神奈川県相模原市緑区久保沢１丁目,5
神奈川県相模原市緑区久保沢２丁目,5
神奈川県相模原市緑区久保沢３丁目,5
神奈川県相模原市緑区橋本台４丁目,5
神奈川県相模原市緑区原宿２丁目,5
神奈川県相模原市緑区原宿３丁目,5
神奈川県相模原市緑区原宿４丁目,5
神奈川県相模原市緑区原宿５丁目,5
神奈川県相模原市緑区原宿南１丁目,5
神奈川県相模原市緑区原宿南２丁目,5
神奈川県相模原市緑区原宿南３丁目,5
神奈川県相模原市緑区向原１丁目,5
神奈川県相模原市緑区向原２丁目,5
神奈川県相模原市緑区向原３丁目,5
神奈川県相模原市緑区広田,5
神奈川県相模原市緑区根小屋,5
神奈川県相模原市緑区佐野川,5
神奈川県相模原市緑区三ケ木,5
神奈川県相模原市緑区三井,5
神奈川県相模原市緑区若柳,5
神奈川県相模原市緑区若葉台１丁目,5
神奈川県相模原市緑区若葉台２丁目,5
神奈川県相模原市緑区若葉台３丁目,5
神奈川県相模原市緑区若葉台４丁目,5
神奈川県相模原市緑区若葉台５丁目,5
神奈川県相模原市緑区若葉台６丁目,5
神奈川県相模原市緑区若葉台７丁目,5
神奈川県相模原市緑区小原,5
神奈川県相模原市緑区小倉,5
神奈川県相模原市緑区小渕,5
神奈川県相模原市緑区城山１丁目,5
神奈川県相模原市緑区城山２丁目,5
神奈川県相模原市緑区城山３丁目,5
神奈川県相模原市緑区城山４丁目,5
神奈川県相模原市緑区寸沢嵐,5
神奈川県相模原市緑区青根,5
神奈川県相模原市緑区青山,5
神奈川県相模原市緑区千木良,5
神奈川県相模原市緑区谷ヶ原１丁目,5
神奈川県相模原市緑区谷ヶ原２丁目,5
神奈川県相模原市緑区中沢,5
神奈川県相模原市緑区中野,5
神奈川県相模原市緑区町屋１丁目,5
神奈川県相模原市緑区町屋３丁目,5
神奈川県相模原市緑区町屋４丁目,5
神奈川県相模原市緑区長竹,5
神奈川県相模原市緑区鳥屋,5
神奈川県相模原市緑区二本松１丁目,5
神奈川県相模原市緑区日連,5
神奈川県相模原市緑区牧野,5
神奈川県相模原市緑区又野,5
神奈川県相模原市緑区名倉,5
神奈川県相模原市緑区与瀬,5
神奈川県相模原市緑区与瀬本町,5
神奈川県相模原市緑区葉山島,5
神奈川県中郡大磯町高麗,5
神奈川県中郡大磯町高麗１丁目,5
神奈川県中郡大磯町高麗３丁目,5
神奈川県中郡大磯町東町１丁目,5
神奈川県中郡大磯町東町２丁目,5
神奈川県町田市小山ケ丘４丁目,5
神奈川県津久井郡城山町久保沢３丁目,5
神奈川県津久井郡城山町若葉台４丁目,5
神奈川県津久井郡相模湖町寸沢嵐,5
神奈川県津久井郡津久井町中野,5
神奈川県南都留郡道志村月夜野,5
神奈川県平塚市ふじみ野１丁目,5
神奈川県平塚市ふじみ野２丁目,5
神奈川県平塚市下島,5
神奈川県平塚市花水台,5
神奈川県平塚市宮の前,5
神奈川県平塚市錦町,5
神奈川県平塚市見附町,5
神奈川県平塚市御殿２丁目,5
神奈川県平塚市御殿３丁目,5
神奈川県平塚市紅谷町,5
神奈川県平塚市高浜台,5
神奈川県平塚市黒部丘,5
神奈川県平塚市桜ケ丘,5
神奈川県平塚市四之宮１丁目,5
神奈川県平塚市松風町,5
神奈川県平塚市上平塚,5
神奈川県平塚市新町,5
神奈川県平塚市真田３丁目,5
神奈川県平塚市諏訪町,5
神奈川県平塚市須賀,5
神奈川県平塚市西真土１丁目,5
神奈川県平塚市西真土２丁目,5
神奈川県平塚市西真土３丁目,5
神奈川県平塚市西真土４丁目,5
神奈川県平塚市西八幡１丁目,5
神奈川県平塚市西八幡３丁目,5
神奈川県平塚市千石河岸,5
神奈川県平塚市浅間町,5
神奈川県平塚市代官町,5
神奈川県平塚市大原,5
神奈川県平塚市達上ケ丘,5
神奈川県平塚市中原１丁目,5
神奈川県平塚市中原３丁目,5
神奈川県平塚市中里,5
神奈川県平塚市追分,5
神奈川県平塚市唐ケ原,5
神奈川県平塚市東真土１丁目,5
神奈川県平塚市東真土２丁目,5
神奈川県平塚市東真土３丁目,5
神奈川県平塚市東真土４丁目,5
神奈川県平塚市東中原１丁目,5
神奈川県平塚市東豊田,5
神奈川県平塚市桃浜町,5
神奈川県平塚市南原,5
神奈川県平塚市南原２丁目,5
神奈川県平塚市南原３丁目,5
神奈川県平塚市南原４丁目,5
神奈川県平塚市虹ケ浜,5
神奈川県平塚市富士見町,5
神奈川県平塚市撫子原,5
神奈川県平塚市平塚,5
神奈川県平塚市平塚１丁目,5
神奈川県平塚市平塚２丁目,5
神奈川県平塚市平塚３丁目,5
神奈川県平塚市平塚４丁目,5
神奈川県平塚市平塚５丁目,5
神奈川県平塚市宝町,5
神奈川県平塚市豊原町,5
神奈川県平塚市豊田小嶺,5
神奈川県平塚市豊田打間木,5
神奈川県平塚市北豊田,5
神奈川県平塚市明石町,5
神奈川県平塚市立野町,5
神奈川県平塚市龍城ケ丘,5
